q0_uniform,57460,38235,44487,39592,35474,35423,35373,35419,36606,35730,35124,35010,35143,36509,35022,34916,35136,35558,35300,35102,35320,35290,35210,35330,35335,35482,35035,35266,34924,35258,34839,34841,34729,34313,39718,44132,35020,34670,34745,34469,34558,47594,47595,34415,34443,34126,34334,34267,34410,34857
q0_zipf,30275,30161,30173,40154,30305,29902,30033,29425,30237,37746,37221,37049,37021,36917,36759,36956,36910,43660,44989,36792,25679,28108,25737,25491,25610,25483,25538,34802,25421,25277,23673,23294,23467,23129,23517,23195,23273,23448,23182,23230,60200,58164,59965,58746,58635,58467,58460,58226,58456,58151
q0_binomial,21576,21363,21148,21521,27484,21471,21385,20934,20995,21713,39575,39445,39421,40032,39349,39667,39619,39917,40278,39628,52656,52552,52498,52795,52377,52300,52384,52467,51948,53164,39575,39360,39862,39399,39401,39363,39338,39044,38901,38900,20517,20479,20560,20528,20465,20387,20361,20339,20478,20562
q1_uniform,17326,17187,17039,16957,16990,17363,26332,19541,16895,17152,17371,17157,17404,16847,16922,16830,17130,16847,16970,16954,17276,17310,17147,17090,17121,17062,16978,17015,17069,17084,17366,17244,17231,17309,17112,17060,17106,17097,17035,16968,17252,17144,17131,17381,17043,17085,17427,17198,17065,17026,17572,17740,17345,17341,17326,17272,17329,17265,17648,17313,17925,18037,17581,17666,17564,17863,17513,17731,17603,17624,17689,17594,17459,17474,17436,17437,17419,17887,17598,17491,17488,17093,17107,17030,17066,17024,17309,17002,16991,17037,21837,17156,17448,17459,17125,17149,16995,17499,16922,16855
q1_zipf1,16930,16737,16552,16854,16544,16642,21699,17231,16421,16419,22789,14501,14639,14368,14394,14308,14524,14232,14209,14206,14794,14638,14715,14462,14397,14371,14320,14364,14315,14365,14507,14529,14435,14426,14591,14277,14048,14064,14094,13919,25290,14767,14912,14644,14537,14488,14517,14434,14595,14550,20168,20111,20782,20231,19867,20587,19781,19761,19798,19774,15434,16236,15749,15525,15125,15370,15247,15266,14991,15026,22217,22537,22438,22311,22396,22395,22374,22454,22386,19987,14421,14344,14269,14195,14161,14170,15120,15046,15197,15028,15146,13999,14273,13964,13902,14148,13868,13848,14020,14267
q1_zipf2,13833,13763,13691,13592,13491,13411,13462,20321,13395,13274,13537,13350,13405,13257,13140,13357,13068,12992,12958,12906,14439,14363,14969,14887,14011,13876,13939,13878,14709,14322,13326,13372,13412,13244,13094,13063,13370,13041,13054,13095,13755,13640,13552,13501,13541,13548,13567,13500,13574,13566,14990,14872,14820,14782,14727,14776,14745,15053,14812,15314,14079,13602,13516,13416,13540,13470,13365,13340,13646,13346,14104,13937,14047,13975,13864,13855,14200,13841,13802,13752,14274,14111,14415,14058,14121,14076,14081,14087,14039,14060,13194,13076,13099,13293,12987,12979,13245,13098,13020,13144
q1_zipf,26887,26791,26918,36428,26490,26487,26636,26305,26439,26281,22710,22594,22756,22372,22249,22535,22154,22251,22247,22251,20785,20700,20642,20595,20441,20296,20275,20428,22824,20276,19138,19273,19113,18989,19018,19405,19326,19532,19220,19165,18128,18055,18125,18094,18122,18053,18005,17973,17928,17965,16994,16753,17054,16713,16732,16710,16675,16695,17137,16711,15466,15164,15014,15195,14962,14968,14958,15409,14966,14956,14911,14734,14701,14664,14636,14624,14601,14957,14998,14710,14409,15322,14313,14227,14195,14166,14226,14199,14153,14339,14280,14144,14055,14331,14495,14266,14189,14126,14066,14017
q1_binomial,13087,12836,12916,12852,12882,12742,12729,12919,21086,13266,14967,12865,12766,12828,12668,12794,12801,12762,12665,12754,13003,13003,13081,15820,13177,12947,12624,12639,12468,12693,13014,12998,12815,12807,12810,12826,12716,12705,12855,12685,13224,13040,12945,12881,12825,12851,12848,12815,12733,13267,14561,14478,14399,14294,14262,14256,14304,14224,14241,14311,29062,29287,29171,29497,29305,29895,29510,29116,29138,29137,23111,23115,23126,23198,22782,23010,22993,22823,22929,23228,13157,12946,12891,12859,12804,12802,12792,12801,12776,12760,12963,12823,12854,12954,12892,12755,12736,12716,12678,13598
q1_binomial2,13403,13340,13123,13273,12969,12925,12934,13320,20972,15713,13131,12993,13157,13123,13204,13102,13165,12882,12758,13119,13174,12965,13122,12981,12891,12778,12800,12867,13032,12819,13449,13256,12819,12701,12664,12789,12557,12611,12697,12882,13084,12880,12833,12739,12773,12756,12819,12740,12846,12822,13240,13294,13217,12898,13195,12867,12893,12902,13170,12887,13296,13145,13044,12944,13038,12920,12981,12916,12882,13149,14626,14336,14305,14319,14206,14951,23773,14581,14652,14741,33685,33207,33084,33000,32858,33069,33069,33503,32824,32759,20621,20456,20217,20216,20282,20504,20184,20291,20220,20261
q1_binomial3,16574,25277,15541,15621,15659,23809,15581,15525,25053,15407,20768,20625,20482,20473,20426,20443,20412,20404,20700,20488,27220,27099,27033,27220,26608,27087,26870,27001,26807,26766,32671,32287,32350,32131,32195,32342,32245,32459,33399,32664,33685,33525,33357,33229,33446,33418,33863,33533,33300,33435,32133,31774,31443,24952,24409,24337,24233,24232,24213,24259,13093,13054,12911,12917,12829,12809,12807,12916,12799,12932,13492,13121,13070,12863,12866,12752,12722,12970,12678,12674,13081,12892,12905,12765,12771,12745,12749,12744,12916,13382,13145,12997,12910,12847,12801,12761,12730,12765,12769,12707
q2_uniform,21739,21422,21656,22078,38785,22427,21451,21692,21401,21379,23778,22787,21767,21911,43511,21999,21781,21923,22218,22115,21623,21440,21347,21512,35373,21766,21610,24452,22237,25378,24149,24340,24266,24425,33250,24589,24448,23093,39992,24760
q3_uniform,39729,39735,61607,54574,40061,39721,39766,39697,39515,39688,34799,34650,34916,45889,34615,34830,34479,34561,34425,34533,34116,34032,34295,86616,33967,33977,33829,33937,33811,33856,33204,33247,33437,49299,33308,33448,33328,33102,33475,32980,32959,33323,34273,44576,33827,33364,33307,33171,33146,33242,33124,32942,33234,45232,32900,33058,32969,32995,32944,32935,32956,32936,33188,49160,32669,32841,32593,32873,33257,33089,33143,33039,33202,39379,32935,32930,33029,32770,32770,32774,33254,33177,33882,42936,33858,33554,33519,33440,33471,33431
q3_zipf,42610,42646,49708,44879,42801,42452,42449,42267,42211,42353,36135,35950,36857,43978,36000,36193,36285,36055,36143,36012,35752,35521,35971,44979,35436,35341,35684,35269,35725,35400,34529,34176,34502,46894,34263,34156,34090,34117,34210,34094,34324,33852,34081,42027,34094,34295,34050,34027,34067,34129,34338,34051,34472,41082,34241,33736,33710,33854,33809,33781,34231,33881,34031,43242,33900,34029,34392,34142,34181,33838,34034,33912,34696,49809,33915,33839,33899,33727,34034,34011,34743,35557,35275,42772,34787,34725,34573,34594,34444,34280
q3_binomial,34860,34797,35250,48655,34647,34561,34737,34643,34596,34516,34166,34442,34342,51501,35168,34434,34362,34270,34220,34096,34239,34048,34284,45351,34157,33897,33896,33896,34166,33946,34324,34128,34129,44347,33975,33850,34187,33938,34110,35190,34251,34264,34406,42710,34469,34036,33980,34212,34369,34087,34350,34168,34386,43600,34116,34111,34042,34674,34396,34206,34268,34385,34521,43651,34271,34183,34166,34182,34086,34158,34253,34174,34477,42129,34160,34237,34205,34123,34449,34166,34014,34034,34088,53245,33960,33860,34188,34009,34096,33903
q3b_uniform,32178,32082,32157,40814,31833,31682,31665,31522,36910,32047,31016,30636,30668,45322,30320,30146,30038,30074,30385,30121,29721,29663,29827,39600,30307,30005,29538,29578,29592,29620,29535,29354,29580,37001,29159,29234,29399,29259,29196,29321,29563,29456,29542,37785,29481,29386,29341,29308,29194,29219,29595,29178,29535,38805,29443,29408,29837,29308,29872,29258,29300,29066,29456,39974,29066,29142,28929,29110,29261,29511,29644,29431,29904,36097,29213,29226,29283,29214,29092,28979,29053,29261,29068,38762,28586,28656,28536,28568,29103,28472
q3b_zipf,32383,32095,32163,40651,31699,32041,31641,31541,32916,32004,30797,30657,30721,39407,30343,30631,30278,30161,31198,30203,30012,29809,30162,49014,29805,30006,29849,29817,29918,29901,30032,29286,29409,37495,29260,29371,29210,29226,29384,29368,30191,29548,29936,39299,29583,29203,29293,29421,29656,29233,29558,29527,29566,41723,29335,29401,29479,29337,29279,29225,30134,29278,29883,36512,29195,29222,29512,29251,29144,29266,29436,29380,29732,36552,29397,29394,29204,29257,29116,29167,29115,29491,29174,36878,29134,28996,28889,28668,28781,28832
q3b_binomial,39869,39538,47426,39246,39049,39100,38962,38976,39284,39150,38692,38474,45480,38293,39537,38609,38452,38315,38523,38815,38791,39250,45559,38827,38502,40887,38386,38270,38258,38277,38412,38845,50970,38608,38278,38334,38128,37970,38397,38524,38657,38758,47223,38557,38489,38958,38869,41268,38584,38541,39126,38886,53617,38722,38497,38595,39974,38415,38485,38473,38858,42880,47279,38473,38580,38469,38533,38827,39293,38792,38954,39012,47726,38592,44797,38712,38406,38516,38642,38411,38617,38656,46885,38449,38363,38327,38538,38391,38218,38250
q5_uniform,49899,50149,76906,52315,49944,49482,49229,49661,49220,49272,23883,23898,23675,23867,31308,27436,23778,23758,23693,23654,22526,22364,22211,22255,22682,30398,25386,22355,22356,22341,21545,21408,21458,21383,21511,30796,21389,21457,21661,21311,21392,21294,21144,21115,21388,29607,21356,21470,21275,21835,21523,21454,21498,21500,21639,29854,21748,21287,21324,21240,21552,21390,21481,21353,21492,31149,21713,21499,21396,21377
q5_uncorrelated,67228,74937,67545,65418,65229,65338,65157,65203,65087,65498,36458,37338,43692,36093,36241,36211,36519,36388,36463,36234,26548,26446,26528,26838,38743,29844,26699,26506,26449,27002,22801,22586,22671,22929,30803,22520,22492,22404,22418,22477,22020,21903,21876,21783,21872,30413,21753,21719,21628,21729,21886,21998,21689,21368,21675,33177,21530,21462,21444,21739,21711,21617,21597,21579,21997,28782,21752,21803,21590,21515
q5_fd,23857,23695,23980,23794,30854,28495,22945,30770,23188,23073,22132,22003,22007,21895,22386,32590,26472,22202,21932,21982,22295,21939,21926,21783,21975,29574,29014,21769,21882,21909,21791,21877,21512,21572,21828,35707,21578,21485,21722,21601,22025,21672,21630,21535,21725,27719,21522,21508,21489,21568,21802,21716,22127,21505,22493,31675,21504,21404,21575,21594,21784,21640,21634,21612,22430,30799,21543,22134,21642,21707
q6_uniform,61904,80078,61639,61194,61306,61369,61257,61163,61454,61263,59806,59505,59899,62493,61755,59911,59599,59359,59487,59687,57567,57491,56958,57154,57043,57255,57077,57324,57409,59066
q6_uncorrelated,41142,41039,50060,40817,40840,41952,41140,41300,41224,41582,39415,39834,39504,39858,39676,40098,39994,40145,39313,39279,38192,38196,38290,38157,38681,38816,38535,38525,38470,38429
q6_fd,65711,88512,64330,64598,64951,64951,65058,64407,64676,64567,65083,64940,65262,64941,65202,64116,64177,64261,64540,64813,62123,61837,61578,61894,62069,61778,61617,61435,61417,61905
q9_uniform,36129,36054,42493,35915,35912,35983,35891,35755,35756,35747,50830,50719,58980,50492,50398,50437,50705,50798,50312,50419,46989,47377,55643,46910,46995,46871,46834,47368,47178,47205
q10_uniform,138309,123573,123481,123564,123366,123090,123412,123406,122720,122769,111009,112790,110233,110340,110276,111146,109997,110133,109980,110559
q11_uniform,13948,13937,13360,13229,13478,13156,13267,24499,13109,13025
q13_fd,123692,111662,111627,111312,111361,111215,111296,112695,111941,112189,122380,114298,114530,114808,115099,114379,114985,114186,113674,113432
q13b_fd,114077,110829,109839,109982,110167,109783,109810,109964,110545,112101,120779,112215,111895,111908,112318,111876,111486,111023,111254,111578
q16_uniform,52950,65107,52258,52085,51960,52365,51884,52027,51933,51910
q17_uniform,35072,34650,34684,34828,34629,34444,34778,34246,34535,34402
aq19_uniform,20567,20091,19736,19929,19929,32323,19737,19856,20090,19728
q20_uniform,52809,85870,52448,53865,68388,53924,52240,73851,55619,76608
q23_uniform,14719,14428,14302,14215,14206,14280,14429,24637,14583,14611
q25_uniform,22598,22593,22133,22699,64738,22068,22356,21986,22126,21888,43896,43737,62179,43676,44038,44265,44233,44052,43764,43843,67386,65580,65780,66809,65519,65530,65714,65575,65656,66425,88253,86393,110574,86040,86719,86742,86537,86399,86817,86455,98708,97970,98293,98465,97786,98087,98508,99806,98125,97872
q25_zipf,28951,28844,28967,47642,39028,39031,39365,45600,39222,38898,50150,70179,50199,50347,49711,49964,50018,49946,49967,49857,69936,70818,70391,69877,69651,69814,69547,69849,69510,68607,88624,88526,88342,87593,89050,88266,88629,88661,89012,89381,101239,100925,114101,100809,101519,100007,100265,101039,100344,100354
q25_binomial,13487,13228,13203,13056,13076,12865,12767,12985,20489,12800,12891,13062,12865,12840,12953,12843,13017,13106,19140,12964,62331,62172,61770,61988,61922,61837,61957,61427,61599,61618,108057,107997,107977,107656,108187,107642,107761,107892,108315,107719,108257,107592,107816,107607,107496,108028,107582,107711,107535,107853
q30_uniform,33365,32851,32964,41497,32494,32382,32356,32746,32335,32251,33078,32887,34409,33154,32656,32680,32840,34379,32689,32776,33011,32831,32905,33090,33501,33457,33360,33165,33497,33183,41463,41240,41174,41296,40994,41256,41265,41075,40980,41352,31566,31394,31404,31315,31457,31406,31483,31542,31511,31740
q30_zipf,38514,38543,76509,39267,38179,39532,38146,39279,38127,38093,33685,33486,33508,47122,33549,33406,33288,33317,33450,33356,32781,32637,32586,32535,32600,32550,33531,46170,32629,32635,40996,40455,40339,39735,39871,40174,40033,39985,40058,39833,30296,30030,29966,30067,29929,30156,29932,29901,30165,29949
q30_binomial,15266,15114,15342,14913,15094,14881,15008,25834,19683,14781,14732,14334,14618,14307,14371,15030,14434,14370,15664,14748,63835,63699,64617,63964,64628,64235,64302,64383,63966,64187,87112,98304,94611,96100,88697,68378,97030,96426,98048,105599,13711,13458,13769,13338,13303,13330,13610,13235,13241,13469
q31_uniform,23183,23760,22699,19147,34097,19234,18828,18756,18690,18740,31293,31180,31271,31078,31007,31161,31044,31093,31035,31110,43674,43764,54471,43662,44049,43563,43687,43809,43668,43867,59822,59346,59255,68828,59267,59583,68586,59506,68565,59256,75034,74473,74746,74123,74221,74524,74204,74496,74750,74391
q31_zipf,21122,21073,20887,21024,30731,20736,20599,23085,25936,25732,30541,30306,30252,30261,30374,29959,30296,30181,30102,30328,45566,45453,53264,45428,45447,45403,45291,45314,45567,45605,57684,57364,57838,58031,57402,57786,57526,57538,57436,57060,69357,68641,69024,68468,68620,68671,68547,68320,67842,68864
q31_binomial,13495,13413,13361,13337,13407,13262,13330,20612,12989,12902,12916,12849,12751,12739,12735,12697,12635,12630,12703,12750,12957,12826,12795,12730,12710,12738,12614,12811,21857,13010,62107,61325,61115,60836,61677,62712,61903,60959,60997,60627,106896,106344,106341,106938,106787,105959,107600,106812,107253,106714
q32_uniform,17446,17385,17438,17190,17089,17220,25541,16934,16778,16938,21062,20762,20650,20722,20719,20644,20626,20674,20583,20569,24889,24865,24292,24613,24387,24377,24371,24463,24389,24389,28673,28375,28349,28463,28271,28360,28462,28219,28875,28337,32826,32633,32338,32592,32298,32469,32484,32231,32588,32404,40664,40242,40195,40355,40468,40228,40048,40095,39982,54142,59196,59296,59318,59376,59201,59207,58953,58641,58761,58684,71016,70177,70234,70003,69967,70072,80544,71001,108093,107505,87609,88419,88296,88852,88149,88526,88232,88434,88311,88635,97996,98313,98313,98290,97793,98157,98545,98378,98943,98345
q32_zipf1,14841,14406,14403,14308,14243,14229,14425,23533,14893,14846,20311,20714,20696,20704,20921,17652,17505,27001,17421,17504,18891,18789,18760,22997,22830,20989,18725,18575,18526,18524,20275,20157,20134,20127,20056,20413,20610,20115,19995,20007,21865,21591,21663,21354,21076,21375,21110,21052,21108,22104,24912,25616,25229,24821,24811,24594,24614,24435,24413,24322,64598,64916,65461,65265,65313,65314,65029,65063,64796,64908,76841,76259,76307,76274,76136,76285,76306,76402,76411,76257,99342,99223,99181,99309,99477,99017,99350,99001,98433,98543,104360,103993,104442,103543,104946,103481,103619,102700,103351,103445
q32_zipf2,17513,17382,17239,17121,17035,17214,27243,16990,16902,16913,17378,17239,17214,17179,17149,17383,17362,17225,17129,17115,17560,17455,17360,17345,17326,17420,17324,17266,17300,17255,18494,18489,18621,19122,18906,18392,18286,18495,18231,18240,18753,18616,18584,18621,19367,18417,18460,18456,18422,18584,19755,19358,19725,19636,19361,19245,19312,19506,19282,19562,82034,81904,81389,82241,80972,82377,82212,82000,82229,81942,81934,81679,81639,81775,81957,81061,81316,81352,82240,82285,89275,85515,86093,85199,85388,85756,84957,85093,85581,85897,108755,108699,108218,107936,107115,108320,107695,108329,106919,107380
q32_zipf,39309,39632,48116,39140,38731,38980,38965,38605,38776,38903,51731,51703,51469,51125,51325,51337,51136,51185,50948,51173,59714,60758,60191,60260,59996,60095,59041,59822,59915,59618,65379,65561,65550,65188,65282,65730,65912,65541,65514,65311,70248,70282,70810,70762,70288,70000,70594,69841,70082,70137,78370,78227,77692,96871,78105,78724,78560,78020,77862,79102,89993,90010,90281,89311,89637,89337,90871,90178,90165,89569,95583,95630,95369,95929,95734,95474,96100,95870,95294,96332,101669,101966,101451,101507,122948,102170,102240,102049,102789,128300,105089,106788,106650,106226,106132,105417,143273,167150,137510,106734
q32_binomial,13663,13183,13246,13198,13019,12953,12914,13124,28332,12893,12957,12874,12774,12733,12701,12811,12808,12742,12689,12662,12937,12944,12775,12791,12926,12847,12771,12692,12735,12728,13010,12839,12827,12777,12821,12796,12758,12685,12662,12721,13056,12887,12848,12731,12770,12740,12736,12715,12715,12707,13653,13497,14339,13536,13390,13452,13454,13503,13591,13498,47008,46690,46548,46756,46506,46385,46350,46271,46424,46519,88764,87759,93275,88713,89054,88306,88598,87990,94046,88633,108599,109110,108240,109431,107909,109877,108522,109034,108505,108666,107621,107891,108034,107688,108602,108767,107808,108342,108553,108339
q32_binomial2,13589,13229,13101,12932,12877,12702,12814,12894,24125,12900,13095,12841,12756,12916,12759,12835,12885,12885,22296,12823,13297,13059,12944,12965,12827,12896,12802,12843,12830,12854,14000,13726,13495,13327,13198,13160,13043,13032,12940,12769,13137,12880,12779,13508,12758,12707,12742,12817,12819,12862,13193,12976,13148,12941,12785,12775,13104,12725,12713,12999,13112,12941,12879,12952,12785,12750,12747,12792,12780,12820,13841,13824,13775,13504,13430,13395,13403,13434,13382,13458,51260,51034,50472,50705,50355,50227,50251,50522,50481,50938,98794,99455,98988,99290,99275,99571,99302,106613,100099,100246
q32_binomial3,14121,13758,13606,13425,13292,13492,24653,13225,13417,13164,16238,16133,15710,15751,15744,15737,15724,15701,15795,15788,23238,23121,23003,22941,22858,22858,22762,23117,22950,22934,36552,36482,36290,36029,36541,36397,36359,46538,35901,36469,54507,54397,54466,67392,63586,57508,58114,68596,55922,55493,89639,88444,88333,88427,88372,101756,88029,88403,87968,88608,110893,107167,107622,106909,107675,108135,108773,108965,108357,108222,109204,109703,108923,109061,108439,109016,108490,108227,107899,108965,109045,108264,108310,108740,108115,108131,108054,107402,108307,108635,108384,109293,122678,122931,107557,108203,108453,108680,108379,108823
q33_uniform,35987,35798,35426,35513,35394,35314,35191,35352,35557,35640
q34_uniform,13295,13219,13062,12899,12942,13364,12834,13041,20836,13260
q35_uniform,34898,35055,42111,34564,34464,34639,34565,34323,34220,34329,34711,34739,34693,34788,34715,34579,34582,34725,34856,34777,35008,35324,35031,34842,35015,35018,35181,34855,34983,34729,34946,34816,34520,34716,34832,34815,34946,34674,34635,34602,35011,33522,34896,33310,33261,33347,33319,33327,42723,33189
q35_zipf1,23443,23380,23136,23560,31129,23435,23096,22968,23053,23134,30512,30462,30510,30617,30655,30667,30360,30451,30336,30357,55871,57125,55682,56069,56656,55567,56100,55499,55270,55288,48791,39026,40657,39326,39149,39308,39638,40035,39335,39395,22272,22111,22102,21989,21952,21953,21957,22167,21737,21742
q35_zipf2,20808,20708,20568,20529,20695,45622,20366,20191,20178,20095,78600,77651,96081,86959,78858,78981,77730,92297,81910,79802,17007,16299,16166,16110,16242,16003,16041,16228,15984,15980,17845,17750,17687,17665,17772,17672,17688,17611,17719,17887,37137,36996,36768,36779,36655,36705,36500,36640,36831,36308
q35_zipf,72919,85006,72361,85208,101825,72364,95675,71887,71933,72012,31894,31264,31351,31223,31765,31365,31241,31555,31799,31408,24100,23956,24045,24042,24118,24044,24145,24095,24080,24011,21218,21180,21094,21018,21257,21095,21040,21009,21094,21040,19228,19086,19039,18963,19163,19022,18877,18995,19115,18972
q35_binomial,14691,14237,14283,14376,14128,14150,14440,21984,14137,14094,33990,34212,34207,34246,34392,28229,26174,25956,25830,26790,79603,79345,79176,79416,79432,79116,79226,78804,78559,78735,34596,34508,34146,34243,34183,34586,34119,33963,33936,34386,13266,13146,13118,13130,13152,13139,13136,13108,13140,13418
q35_binomial2,15153,14885,14963,14597,14561,14511,14611,30453,15500,14313,15292,14936,14699,14653,14589,14564,14542,14383,14428,14354,15404,15239,15063,15046,15038,14985,15031,14987,14900,14957,52046,52356,52386,52412,52299,52226,52013,51928,51900,52847,74010,75976,84229,73844,84062,74432,74653,74039,73540,74320
q35_binomial3,57773,68815,57407,57342,56888,56628,56239,56093,56160,55953,70284,69146,69332,68961,68275,69477,69453,69317,70212,69578,15515,15331,15151,15078,15063,15036,14909,14957,14921,14906,13288,13137,13463,13107,13220,13047,13070,13073,13032,12950,13368,13174,13659,13357,13184,13081,13037,12997,13028,12975
q36_uniform,34560,34865,41348,34258,34874,34123,33806,33809,33799,33852,52829,52521,54392,52620,53473,53058,53259,52681,53093,53982,70891,71401,70632,70656,71714,71408,71341,71042,70829,71589,90060,89637,89714,88830,90521,91083,89756,90362,90239,89976,107967,108364,107812,111203,107860,107639,107016,106747,106963,106599
q36_zipf,67190,78907,56588,57106,59531,56683,56614,56835,56653,56659,77401,77276,76280,76830,76814,76291,76524,76885,77197,76641,89451,89417,89418,91160,89694,90055,90020,89806,90209,89827,101713,100059,99923,100645,100506,100266,100738,100596,100645,100926,109512,108273,108928,108683,108747,108469,109140,108813,108818,108646
q36_binomial,21350,24132,21128,30418,44081,20842,20949,20660,20778,20602,44143,44047,46749,43813,44132,44138,44054,48047,65347,65142,74397,75119,75280,74829,74043,58273,50711,50286,50260,49958,85186,84957,85863,85396,85538,84474,85085,84620,84601,88971,108295,108361,108492,108174,107919,108442,108601,108658,110133,117793
q37_zipf,29512,24515,24370,24524,37608,24259,24157,24452,24128,24779
q37_binomial,24380,24396,24401,24495,36542,24394,24281,24253,24121,24213
q38_uniform,80387,106596,78691,78660,78614,78173,77753,77780,77884,77837
q38_zipf,42443,42444,54609,41821,42534,41978,42279,42120,42078,41858
q38_binomial,25028,25014,24883,25074,42103,24824,24620,25111,25408,25032
q39_uniform,13418,13202,13259,13019,13303,12976,12966,13063,36520,12903,37370,37383,37436,37238,37117,37217,37074,37096,37207,37051,61295,67998,60524,60875,60900,60671,60501,60842,60578,60377,82695,82691,82830,82464,83093,82637,82757,83225,83698,83325,105926,105379,106040,104833,105250,105037,105284,105420,105209,105046,105876,104961,105306,105232,106571,105679,105958,105464,107608,105357
q39_biggerdomain,37140,37628,45492,37031,37304,37249,37415,37413,37907,37807,49183,49027,49641,48944,48999,49845,49589,49071,49095,48982,60618,70374,60491,60291,60566,60229,60246,60367,60375,60202,72330,71789,72257,72308,70945,71170,71862,71968,72034,72159,129118,116117,82930,82538,81990,82939,82706,82114,82421,82790,104089,105103,107814,107563,106204,106635,105801,106282,105565,105665
q27_uniform,65322,72105,64885,64460,64474,64276,64189,64187,64552,64144,66234,65767,65940,65548,65551,64980,65019,65028,64968,64969,86691,86828,87317,93089,87100,86406,86374,86235,86458,86611,109943,109160,109772,109351,109203,108817,109250,109305,109181,109227,110420,109815,110192,109868,131337,109833,109712,114632,109227,109472
q27_uncorrelated,69482,80797,68504,67581,68224,67676,67648,68052,68086,68010,68122,68470,68168,70858,68236,68197,67083,68286,68324,68602,70815,70968,70481,70313,71010,73187,76853,70229,69771,68578,72151,71984,72025,72880,72455,72330,72756,73570,72147,72722,76663,77475,76827,76460,76586,76503,76763,76468,76456,76918
q27_fd,121165,116260,116826,141635,115687,115165,115222,114756,115117,114483,115582,115412,115262,116351,116928,116523,115989,115697,116350,116790,114482,114862,114720,116953,119157,114707,114981,115506,116130,114917,116573,116783,122380,128526,152034,127934,128095,128501,174982,151918,116986,116433,117068,116695,114728,117993,130254,114681,115224,120348
q28_uniform,31368,31781,31338,40307,31037,31243,31220,31194,31165,31196,33757,33659,33692,52536,33791,33432,34162,33484,33332,33356,64990,73177,65345,65646,65054,65086,65062,65230,65055,64293,133477,118130,118269,118899,118403,118125,118034,118517,117786,117970,131323,120243,120382,120577,123988,120637,120526,120717,120670,121328
q28_uncorrelated,57584,69835,56175,56219,55946,58956,65441,56084,55869,55801,71072,76180,68284,68315,68357,68405,68221,68420,68226,68278,67953,75541,67803,67635,67780,67534,67700,67870,68004,67742,90583,97669,90655,90633,90371,90890,91670,91199,95169,91174,97245,97387,97900,97408,97634,97897,97653,97752,97781,97539
q28_fd,33013,33117,32983,54958,32636,32690,32532,32501,32474,32414,37747,37866,49444,37853,37593,37595,37589,37649,37733,37550,116558,115786,117888,116180,116241,115655,116033,116743,116112,115466,130043,129763,129736,131962,135404,144087,129300,129906,129755,130595,131605,130854,130519,130528,131545,131836,131117,131282,130931,129906
q29_uniform,25331,24845,25013,24905,36018,25537,25487,24780,34716,24623,52588,52460,51853,51969,52433,52007,51727,51877,51742,52293,69037,69001,68960,68921,68971,68830,69391,68900,68931,68746,87494,87377,88112,87447,86573,87325,87117,87441,86896,86626,114709,113728,113180,114009,113849,113926,114016,114046,113889,113913
q29_uncorrelated,24047,23696,23600,23828,37548,23696,31477,23577,23608,23573,27295,27001,26965,26975,27144,26933,26941,27026,26878,26770,28996,28814,28745,28761,28730,28786,28758,28776,28720,28637,30805,30682,30640,30647,30521,30764,30424,30939,30709,30626,34452,34039,33923,33938,33766,33930,33787,33675,33675,33778
q29_fd,23061,22926,22822,22928,33845,25687,22895,22862,32037,23010,22829,22833,22795,22820,22836,22808,23071,22935,22796,22697,22644,22524,22528,22657,23185,23192,22868,22779,22765,22683,121148,124136,120980,121652,120090,120437,120528,121090,121356,120634,149713,120462,121217,121748,121715,120365,120989,120817,120841,120011
q40_uniform,25492,25325,25199,25513,43617,32583,32485,32533,32456,32404,31967,32397,32497,41760,32570,32603,32492,32418,32570,33017,31864,32478,32584,56918,32701,32171,32592,33013,27023,28489
q40_uncorrelated,19324,18882,18790,18726,18874,47019,18940,18859,19344,18891,18740,18646,18580,18553,18730,25709,18770,18653,18724,18836,19106,18903,18807,18744,19792,40488,23621,20435,19386,19445
q40_fd,33228,34718,31014,39474,32934,26494,26108,26086,29388,26009,25880,25683,25881,59873,29426,26167,33368,27220,26067,32552,32945,33062,25982,36911,29667,26288,29575,26100,29395,26109
q41_uniform,15956,16003,15672,15541,15823,15703,29474,18676,15600,15701,15720,15439,15376,15333,15311,15548,24923,15443,15446,15485,16087,16025,15710,15715,15742,15920,35599,26722,17985,15901
q41_uncorrelated,15724,15489,15343,15279,15340,15458,23610,15750,15318,15428,15579,15493,15429,15477,15441,15547,30915,15698,15626,15671,16272,16227,15877,16096,15641,16090,24408,15884,15871,16039
q41_fd,15943,15820,15587,15584,15594,15811,24706,15768,15821,15946,16019,15795,15686,15647,15661,16183,25640,16027,16026,15992,16346,16256,16068,16007,15910,16182,29644,16256,16193,16185
Q29b_uniform,25783,25479,25248,25159,25105,25024,25323,25582,25516,24779,42123,42009,42069,42677,43005,42499,42460,42175,42178,41961,51042,50942,51105,50973,51134,51107,51171,51159,51239,51373,62117,61873,62421,61746,61671,61459,61739,61757,61639,61838,68686,69196,68503,68743,68847,68789,70082,69594,69512,68988
Q29b_uncorrelated,24021,23850,23885,23732,23679,23650,23647,23902,23828,24503,27072,26782,26869,26759,26942,27136,26860,26688,26746,26859,28765,28898,28704,28697,28586,28708,28699,28597,28644,28709,30704,30870,30882,30784,30920,30855,30840,30750,30864,30746,32198,32105,32155,32083,32152,32016,32049,32047,32070,32068
Q29b_fd,23159,22972,22834,22803,22761,22623,22622,22851,22655,22575,23170,22861,22875,22844,22768,22644,22580,22681,22591,22575,22720,22716,22744,22924,22773,22714,22641,22595,22573,22499,22743,22612,22786,22714,22463,22531,22469,22485,22492,22451,22740,22897,22535,22517,22489,22447,22450,22457,22495,22483

