q0_Values:customer-FURNITURE_Id:0,57460,38235,44487,39592,35474,35423,35373,35419,36606,35730
q0_Values:customer-BUILDING_Id:1,35124,35010,35143,36509,35022,34916,35136,35558,35300,35102
q0_Values:customer-HOUSEHOLD_Id:2,35320,35290,35210,35330,35335,35482,35035,35266,34924,35258
q0_Values:customer-MACHINERY_Id:3,34839,34841,34729,34313,39718,44132,35020,34670,34745,34469
q0_Values:customer-AUTOMOBILE_Id:4,34558,47594,47595,34415,34443,34126,34334,34267,34410,34857
q0_Values:customer_mktsegZipf-FURNITURE_Id:5,30275,30161,30173,40154,30305,29902,30033,29425,30237,37746
q0_Values:customer_mktsegZipf-BUILDING_Id:6,37221,37049,37021,36917,36759,36956,36910,43660,44989,36792
q0_Values:customer_mktsegZipf-HOUSEHOLD_Id:7,25679,28108,25737,25491,25610,25483,25538,34802,25421,25277
q0_Values:customer_mktsegZipf-MACHINERY_Id:8,23673,23294,23467,23129,23517,23195,23273,23448,23182,23230
q0_Values:customer_mktsegZipf-AUTOMOBILE_Id:9,60200,58164,59965,58746,58635,58467,58460,58226,58456,58151
q0_Values:customer_mktsegBinomial-FURNITURE_Id:10,21576,21363,21148,21521,27484,21471,21385,20934,20995,21713
q0_Values:customer_mktsegBinomial-BUILDING_Id:11,39575,39445,39421,40032,39349,39667,39619,39917,40278,39628
q0_Values:customer_mktsegBinomial-HOUSEHOLD_Id:12,52656,52552,52498,52795,52377,52300,52384,52467,51948,53164
q0_Values:customer_mktsegBinomial-MACHINERY_Id:13,39575,39360,39862,39399,39401,39363,39338,39044,38901,38900
q0_Values:customer_mktsegBinomial-AUTOMOBILE_Id:14,20517,20479,20560,20528,20465,20387,20361,20339,20478,20562
q0_Values:customer_bloatedmktseg-FURNITURE_Id:15,14738,14449,14315,14353,14265,14215,14300,19800,14171,13957
q0_Values:customer_bloatedmktseg-BUILDING_Id:16,14029,14154,14202,13967,13877,13908,13997,13903,13825,13822
q0_Values:customer_bloatedmktseg-HOUSEHOLD_Id:17,14142,14065,13957,13973,14181,13989,13962,13912,13840,13835
q0_Values:customer_bloatedmktseg-MACHINERY_Id:18,14136,14041,14012,14049,13877,13831,13840,13769,13797,13976
q0_Values:customer_bloatedmktseg-AUTOMOBILE_Id:19,14156,14163,13923,13965,13830,14050,13954,14013,13950,14150
q1_Values:customer-1_Id:20,17326,17187,17039,16957,16990,17363,26332,19541,16895,17152
q1_Values:customer-2_Id:21,17371,17157,17404,16847,16922,16830,17130,16847,16970,16954
q1_Values:customer-3_Id:22,17276,17310,17147,17090,17121,17062,16978,17015,17069,17084
q1_Values:customer-4_Id:23,17366,17244,17231,17309,17112,17060,17106,17097,17035,16968
q1_Values:customer-5_Id:24,17252,17144,17131,17381,17043,17085,17427,17198,17065,17026
q1_Values:customer-7_Id:25,17572,17740,17345,17341,17326,17272,17329,17265,17648,17313
q1_Values:customer-12_Id:26,17925,18037,17581,17666,17564,17863,17513,17731,17603,17624
q1_Values:customer-15_Id:27,17689,17594,17459,17474,17436,17437,17419,17887,17598,17491
q1_Values:customer-20_Id:28,17488,17093,17107,17030,17066,17024,17309,17002,16991,17037
q1_Values:customer-23_Id:29,21837,17156,17448,17459,17125,17149,16995,17499,16922,16855
q1_Values:customer_nationkeyZipf1-1_Id:30,16930,16737,16552,16854,16544,16642,21699,17231,16421,16419
q1_Values:customer_nationkeyZipf1-2_Id:31,22789,14501,14639,14368,14394,14308,14524,14232,14209,14206
q1_Values:customer_nationkeyZipf1-3_Id:32,14794,14638,14715,14462,14397,14371,14320,14364,14315,14365
q1_Values:customer_nationkeyZipf1-4_Id:33,14507,14529,14435,14426,14591,14277,14048,14064,14094,13919
q1_Values:customer_nationkeyZipf1-5_Id:34,25290,14767,14912,14644,14537,14488,14517,14434,14595,14550
q1_Values:customer_nationkeyZipf1-7_Id:35,20168,20111,20782,20231,19867,20587,19781,19761,19798,19774
q1_Values:customer_nationkeyZipf1-12_Id:36,15434,16236,15749,15525,15125,15370,15247,15266,14991,15026
q1_Values:customer_nationkeyZipf1-15_Id:37,22217,22537,22438,22311,22396,22395,22374,22454,22386,19987
q1_Values:customer_nationkeyZipf1-20_Id:38,14421,14344,14269,14195,14161,14170,15120,15046,15197,15028
q1_Values:customer_nationkeyZipf1-23_Id:39,15146,13999,14273,13964,13902,14148,13868,13848,14020,14267
q1_Values:customer_nationkeyZipf2-1_Id:40,13833,13763,13691,13592,13491,13411,13462,20321,13395,13274
q1_Values:customer_nationkeyZipf2-2_Id:41,13537,13350,13405,13257,13140,13357,13068,12992,12958,12906
q1_Values:customer_nationkeyZipf2-3_Id:42,14439,14363,14969,14887,14011,13876,13939,13878,14709,14322
q1_Values:customer_nationkeyZipf2-4_Id:43,13326,13372,13412,13244,13094,13063,13370,13041,13054,13095
q1_Values:customer_nationkeyZipf2-5_Id:44,13755,13640,13552,13501,13541,13548,13567,13500,13574,13566
q1_Values:customer_nationkeyZipf2-7_Id:45,14990,14872,14820,14782,14727,14776,14745,15053,14812,15314
q1_Values:customer_nationkeyZipf2-12_Id:46,14079,13602,13516,13416,13540,13470,13365,13340,13646,13346
q1_Values:customer_nationkeyZipf2-15_Id:47,14104,13937,14047,13975,13864,13855,14200,13841,13802,13752
q1_Values:customer_nationkeyZipf2-20_Id:48,14274,14111,14415,14058,14121,14076,14081,14087,14039,14060
q1_Values:customer_nationkeyZipf2-23_Id:49,13194,13076,13099,13293,12987,12979,13245,13098,13020,13144
q1_Values:customer_nationkeyZipfWorstcase-1_Id:50,26887,26791,26918,36428,26490,26487,26636,26305,26439,26281
q1_Values:customer_nationkeyZipfWorstcase-2_Id:51,22710,22594,22756,22372,22249,22535,22154,22251,22247,22251
q1_Values:customer_nationkeyZipfWorstcase-3_Id:52,20785,20700,20642,20595,20441,20296,20275,20428,22824,20276
q1_Values:customer_nationkeyZipfWorstcase-4_Id:53,19138,19273,19113,18989,19018,19405,19326,19532,19220,19165
q1_Values:customer_nationkeyZipfWorstcase-5_Id:54,18128,18055,18125,18094,18122,18053,18005,17973,17928,17965
q1_Values:customer_nationkeyZipfWorstcase-7_Id:55,16994,16753,17054,16713,16732,16710,16675,16695,17137,16711
q1_Values:customer_nationkeyZipfWorstcase-12_Id:56,15466,15164,15014,15195,14962,14968,14958,15409,14966,14956
q1_Values:customer_nationkeyZipfWorstcase-15_Id:57,14911,14734,14701,14664,14636,14624,14601,14957,14998,14710
q1_Values:customer_nationkeyZipfWorstcase-20_Id:58,14409,15322,14313,14227,14195,14166,14226,14199,14153,14339
q1_Values:customer_nationkeyZipfWorstcase-23_Id:59,14280,14144,14055,14331,14495,14266,14189,14126,14066,14017
q1_Values:customer_nationkeyBinomial-1_Id:60,13087,12836,12916,12852,12882,12742,12729,12919,21086,13266
q1_Values:customer_nationkeyBinomial-2_Id:61,14967,12865,12766,12828,12668,12794,12801,12762,12665,12754
q1_Values:customer_nationkeyBinomial-3_Id:62,13003,13003,13081,15820,13177,12947,12624,12639,12468,12693
q1_Values:customer_nationkeyBinomial-4_Id:63,13014,12998,12815,12807,12810,12826,12716,12705,12855,12685
q1_Values:customer_nationkeyBinomial-5_Id:64,13224,13040,12945,12881,12825,12851,12848,12815,12733,13267
q1_Values:customer_nationkeyBinomial-7_Id:65,14561,14478,14399,14294,14262,14256,14304,14224,14241,14311
q1_Values:customer_nationkeyBinomial-12_Id:66,29062,29287,29171,29497,29305,29895,29510,29116,29138,29137
q1_Values:customer_nationkeyBinomial-15_Id:67,23111,23115,23126,23198,22782,23010,22993,22823,22929,23228
q1_Values:customer_nationkeyBinomial-20_Id:68,13157,12946,12891,12859,12804,12802,12792,12801,12776,12760
q1_Values:customer_nationkeyBinomial-23_Id:69,12963,12823,12854,12954,12892,12755,12736,12716,12678,13598
q1_Values:customer_nationkeyBinomial2-1_Id:70,13403,13340,13123,13273,12969,12925,12934,13320,20972,15713
q1_Values:customer_nationkeyBinomial2-2_Id:71,13131,12993,13157,13123,13204,13102,13165,12882,12758,13119
q1_Values:customer_nationkeyBinomial2-3_Id:72,13174,12965,13122,12981,12891,12778,12800,12867,13032,12819
q1_Values:customer_nationkeyBinomial2-4_Id:73,13449,13256,12819,12701,12664,12789,12557,12611,12697,12882
q1_Values:customer_nationkeyBinomial2-5_Id:74,13084,12880,12833,12739,12773,12756,12819,12740,12846,12822
q1_Values:customer_nationkeyBinomial2-7_Id:75,13240,13294,13217,12898,13195,12867,12893,12902,13170,12887
q1_Values:customer_nationkeyBinomial2-12_Id:76,13296,13145,13044,12944,13038,12920,12981,12916,12882,13149
q1_Values:customer_nationkeyBinomial2-15_Id:77,14626,14336,14305,14319,14206,14951,23773,14581,14652,14741
q1_Values:customer_nationkeyBinomial2-20_Id:78,33685,33207,33084,33000,32858,33069,33069,33503,32824,32759
q1_Values:customer_nationkeyBinomial2-23_Id:79,20621,20456,20217,20216,20282,20504,20184,20291,20220,20261
q1_Values:customer_nationkeyBinomial3-1_Id:80,16574,25277,15541,15621,15659,23809,15581,15525,25053,15407
q1_Values:customer_nationkeyBinomial3-2_Id:81,20768,20625,20482,20473,20426,20443,20412,20404,20700,20488
q1_Values:customer_nationkeyBinomial3-3_Id:82,27220,27099,27033,27220,26608,27087,26870,27001,26807,26766
q1_Values:customer_nationkeyBinomial3-4_Id:83,32671,32287,32350,32131,32195,32342,32245,32459,33399,32664
q1_Values:customer_nationkeyBinomial3-5_Id:84,33685,33525,33357,33229,33446,33418,33863,33533,33300,33435
q1_Values:customer_nationkeyBinomial3-7_Id:85,32133,31774,31443,24952,24409,24337,24233,24232,24213,24259
q1_Values:customer_nationkeyBinomial3-12_Id:86,13093,13054,12911,12917,12829,12809,12807,12916,12799,12932
q1_Values:customer_nationkeyBinomial3-15_Id:87,13492,13121,13070,12863,12866,12752,12722,12970,12678,12674
q1_Values:customer_nationkeyBinomial3-20_Id:88,13081,12892,12905,12765,12771,12745,12749,12744,12916,13382
q1_Values:customer_nationkeyBinomial3-23_Id:89,13145,12997,12910,12847,12801,12761,12730,12765,12769,12707
q2_Values:customer-24-34-%_Id:90,21739,21422,21656,22078,38785,22427,21451,21692,21401,21379
q2_Values:customer-17-27-%_Id:91,23778,22787,21767,21911,43511,21999,21781,21923,22218,22115
q2_Values:customer-21-31-%_Id:92,21623,21440,21347,21512,35373,21766,21610,24452,22237,25378
q2_Values:customer-2-12-%_Id:93,24149,24340,24266,24425,33250,24589,24448,23093,39992,24760
q2_Values:customer_phoneuniform-24-34-%_Id:94,17691,17585,17510,17472,17529,35867,34282,18023,17483,17466
q2_Values:customer_phoneuniform-17-27-%_Id:95,18247,18268,17911,36767,64548,18040,18105,18068,17941,18039
q2_Values:customer_phoneuniform-21-31-%_Id:96,17914,17679,17537,17486,17726,32329,17637,18456,17507,17489
q2_Values:customer_phoneuniform-2-12-%_Id:97,17318,17599,17150,17386,17603,17244,26498,17357,17854,17517
q2_Values:customer_phone1to1-24-34-%_Id:98,24314,24526,24316,23828,31606,24840,21689,21747,31954,21675
q2_Values:customer_phone1to1-17-27-%_Id:99,21991,21828,21967,21938,59041,22175,22124,22007,22200,22103
q2_Values:customer_phone1to1-21-31-%_Id:100,21846,21558,21532,21619,35116,22493,21805,21768,22006,21856
q2_Values:customer_phone1to1-2-12-%_Id:101,21860,21439,21525,21569,37309,45859,21705,21751,22082,22166
q3_Values:customer-1_Id:102,39729,39735,61607,54574,40061,39721,39766,39697,39515,39688
q3_Values:customer-5_Id:103,34799,34650,34916,45889,34615,34830,34479,34561,34425,34533
q3_Values:customer-10_Id:104,34116,34032,34295,86616,33967,33977,33829,33937,33811,33856
q3_Values:customer-50_Id:105,33204,33247,33437,49299,33308,33448,33328,33102,33475,32980
q3_Values:customer-100_Id:106,32959,33323,34273,44576,33827,33364,33307,33171,33146,33242
q3_Values:customer-250_Id:107,33124,32942,33234,45232,32900,33058,32969,32995,32944,32935
q3_Values:customer-500_Id:108,32956,32936,33188,49160,32669,32841,32593,32873,33257,33089
q3_Values:customer-1000_Id:109,33143,33039,33202,39379,32935,32930,33029,32770,32770,32774
q3_Values:customer-10000_Id:110,33254,33177,33882,42936,33858,33554,33519,33440,33471,33431
q3_Values:customer_acctbaluniform-1_Id:111,41644,41931,54923,45921,41503,42288,41582,43253,43174,42734
q3_Values:customer_acctbaluniform-5_Id:112,35790,35881,53145,35740,35402,35543,35539,35436,35384,35452
q3_Values:customer_acctbaluniform-10_Id:113,34963,34581,35574,46348,34779,34719,34704,34567,34496,34488
q3_Values:customer_acctbaluniform-50_Id:114,33879,33700,33992,42059,34032,33992,33998,33956,33839,33802
q3_Values:customer_acctbaluniform-100_Id:115,34116,33835,34033,45042,33657,33775,33848,33974,33464,33490
q3_Values:customer_acctbaluniform-250_Id:116,33677,33519,33674,51419,33314,33389,33551,34088,33275,33266
q3_Values:customer_acctbaluniform-500_Id:117,33642,33426,33831,49158,33421,33446,33374,33452,33425,33505
q3_Values:customer_acctbaluniform-1000_Id:118,33786,33364,33749,41297,33573,33376,33400,33336,33469,33291
q3_Values:customer_acctbaluniform-10000_Id:119,33820,33862,33882,42076,33782,34014,34507,34222,34043,33954
q3_Values:customer_acctbalzipf-1_Id:120,42610,42646,49708,44879,42801,42452,42449,42267,42211,42353
q3_Values:customer_acctbalzipf-5_Id:121,36135,35950,36857,43978,36000,36193,36285,36055,36143,36012
q3_Values:customer_acctbalzipf-10_Id:122,35752,35521,35971,44979,35436,35341,35684,35269,35725,35400
q3_Values:customer_acctbalzipf-50_Id:123,34529,34176,34502,46894,34263,34156,34090,34117,34210,34094
q3_Values:customer_acctbalzipf-100_Id:124,34324,33852,34081,42027,34094,34295,34050,34027,34067,34129
q3_Values:customer_acctbalzipf-250_Id:125,34338,34051,34472,41082,34241,33736,33710,33854,33809,33781
q3_Values:customer_acctbalzipf-500_Id:126,34231,33881,34031,43242,33900,34029,34392,34142,34181,33838
q3_Values:customer_acctbalzipf-1000_Id:127,34034,33912,34696,49809,33915,33839,33899,33727,34034,34011
q3_Values:customer_acctbalzipf-10000_Id:128,34743,35557,35275,42772,34787,34725,34573,34594,34444,34280
q3_Values:customer_acctbalBinomial-1_Id:129,34860,34797,35250,48655,34647,34561,34737,34643,34596,34516
q3_Values:customer_acctbalBinomial-5_Id:130,34166,34442,34342,51501,35168,34434,34362,34270,34220,34096
q3_Values:customer_acctbalBinomial-10_Id:131,34239,34048,34284,45351,34157,33897,33896,33896,34166,33946
q3_Values:customer_acctbalBinomial-50_Id:132,34324,34128,34129,44347,33975,33850,34187,33938,34110,35190
q3_Values:customer_acctbalBinomial-100_Id:133,34251,34264,34406,42710,34469,34036,33980,34212,34369,34087
q3_Values:customer_acctbalBinomial-250_Id:134,34350,34168,34386,43600,34116,34111,34042,34674,34396,34206
q3_Values:customer_acctbalBinomial-500_Id:135,34268,34385,34521,43651,34271,34183,34166,34182,34086,34158
q3_Values:customer_acctbalBinomial-1000_Id:136,34253,34174,34477,42129,34160,34237,34205,34123,34449,34166
q3_Values:customer_acctbalBinomial-10000_Id:137,34014,34034,34088,53245,33960,33860,34188,34009,34096,33903
q3b_Values:customer-1-3000-5999_Id:138,32178,32082,32157,40814,31833,31682,31665,31522,36910,32047
q3b_Values:customer-5-3000-5999_Id:139,31016,30636,30668,45322,30320,30146,30038,30074,30385,30121
q3b_Values:customer-10-3000-5999_Id:140,29721,29663,29827,39600,30307,30005,29538,29578,29592,29620
q3b_Values:customer-50-3000-5999_Id:141,29535,29354,29580,37001,29159,29234,29399,29259,29196,29321
q3b_Values:customer-100-3000-5999_Id:142,29563,29456,29542,37785,29481,29386,29341,29308,29194,29219
q3b_Values:customer-250-3000-5999_Id:143,29595,29178,29535,38805,29443,29408,29837,29308,29872,29258
q3b_Values:customer-500-3000-5999_Id:144,29300,29066,29456,39974,29066,29142,28929,29110,29261,29511
q3b_Values:customer-1000-3000-5999_Id:145,29644,29431,29904,36097,29213,29226,29283,29214,29092,28979
q3b_Values:customer-10000-3000-5999_Id:146,29053,29261,29068,38762,28586,28656,28536,28568,29103,28472
q3b_Values:customer_acctbaluniform-1-3000-5999_Id:147,32440,32261,32580,47381,31990,31888,31852,31773,32146,31669
q3b_Values:customer_acctbaluniform-5-3000-5999_Id:148,30544,30614,30924,40674,30756,30413,30325,30475,30313,30723
q3b_Values:customer_acctbaluniform-10-3000-5999_Id:149,30313,30264,30673,39262,29978,32949,30602,30192,30120,30157
q3b_Values:customer_acctbaluniform-50-3000-5999_Id:150,30808,30291,30091,39159,30055,29963,29936,30269,30134,29889
q3b_Values:customer_acctbaluniform-100-3000-5999_Id:151,30616,30149,30029,38846,30843,31177,29659,29993,29642,29687
q3b_Values:customer_acctbaluniform-250-3000-5999_Id:152,29521,29275,29592,37334,29294,29521,29429,29257,29422,29574
q3b_Values:customer_acctbaluniform-500-3000-5999_Id:153,29491,29360,29789,36877,30021,30657,29653,29873,29730,30408
q3b_Values:customer_acctbaluniform-1000-3000-5999_Id:154,29737,29086,29455,37151,29297,28978,29280,29003,28811,29192
q3b_Values:customer_acctbaluniform-10000-3000-5999_Id:155,28952,29009,28963,36395,29147,28988,29066,29594,29432,29432
q3b_Values:customer_acctbalzipf-1-3000-5999_Id:156,32383,32095,32163,40651,31699,32041,31641,31541,32916,32004
q3b_Values:customer_acctbalzipf-5-3000-5999_Id:157,30797,30657,30721,39407,30343,30631,30278,30161,31198,30203
q3b_Values:customer_acctbalzipf-10-3000-5999_Id:158,30012,29809,30162,49014,29805,30006,29849,29817,29918,29901
q3b_Values:customer_acctbalzipf-50-3000-5999_Id:159,30032,29286,29409,37495,29260,29371,29210,29226,29384,29368
q3b_Values:customer_acctbalzipf-100-3000-5999_Id:160,30191,29548,29936,39299,29583,29203,29293,29421,29656,29233
q3b_Values:customer_acctbalzipf-250-3000-5999_Id:161,29558,29527,29566,41723,29335,29401,29479,29337,29279,29225
q3b_Values:customer_acctbalzipf-500-3000-5999_Id:162,30134,29278,29883,36512,29195,29222,29512,29251,29144,29266
q3b_Values:customer_acctbalzipf-1000-3000-5999_Id:163,29436,29380,29732,36552,29397,29394,29204,29257,29116,29167
q3b_Values:customer_acctbalzipf-10000-3000-5999_Id:164,29115,29491,29174,36878,29134,28996,28889,28668,28781,28832
q3b_Values:customer_acctbalBinomial-1-3000-5999_Id:165,39869,39538,47426,39246,39049,39100,38962,38976,39284,39150
q3b_Values:customer_acctbalBinomial-5-3000-5999_Id:166,38692,38474,45480,38293,39537,38609,38452,38315,38523,38815
q3b_Values:customer_acctbalBinomial-10-3000-5999_Id:167,38791,39250,45559,38827,38502,40887,38386,38270,38258,38277
q3b_Values:customer_acctbalBinomial-50-3000-5999_Id:168,38412,38845,50970,38608,38278,38334,38128,37970,38397,38524
q3b_Values:customer_acctbalBinomial-100-3000-5999_Id:169,38657,38758,47223,38557,38489,38958,38869,41268,38584,38541
q3b_Values:customer_acctbalBinomial-250-3000-5999_Id:170,39126,38886,53617,38722,38497,38595,39974,38415,38485,38473
q3b_Values:customer_acctbalBinomial-500-3000-5999_Id:171,38858,42880,47279,38473,38580,38469,38533,38827,39293,38792
q3b_Values:customer_acctbalBinomial-1000-3000-5999_Id:172,38954,39012,47726,38592,44797,38712,38406,38516,38642,38411
q3b_Values:customer_acctbalBinomial-10000-3000-5999_Id:173,38617,38656,46885,38449,38363,38327,38538,38391,38218,38250
q4_Value:customer_Id:174,24379,24201,24021,24336,31431,23979,23935,23899,23842,23895
q4_Value:customer_numericmktseg_Id:175,22121,22151,22183,22157,33627,21994,22071,21870,21965,21828
q4_Value:customer_bloatedmktseg_Id:176,26070,25791,25620,25814,34518,25512,25383,25390,25302,25346
q4_Value:customer_bloatednumericmktseg_Id:177,22655,22582,22686,22867,33390,22524,22756,22293,22427,22262
q4_Value:customer_bloated2mktseg_Id:178,32747,32497,32877,54803,32261,32267,32347,32397,32320,32379
q4_Value:customer_bloated2numericmktseg_Id:179,24572,24389,24365,24600,37273,24293,24189,24158,24125,24633
q5_Values:customer-1_Id:180,49899,50149,76906,52315,49944,49482,49229,49661,49220,49272
q5_Values:customer-5_Id:181,23883,23898,23675,23867,31308,27436,23778,23758,23693,23654
q5_Values:customer-10_Id:182,22526,22364,22211,22255,22682,30398,25386,22355,22356,22341
q5_Values:customer-50_Id:183,21545,21408,21458,21383,21511,30796,21389,21457,21661,21311
q5_Values:customer-100_Id:184,21392,21294,21144,21115,21388,29607,21356,21470,21275,21835
q5_Values:customer-250_Id:185,21523,21454,21498,21500,21639,29854,21748,21287,21324,21240
q5_Values:customer-500_Id:186,21552,21390,21481,21353,21492,31149,21713,21499,21396,21377
q5_Values:customer_uncorrelated-1_Id:187,67228,74937,67545,65418,65229,65338,65157,65203,65087,65498
q5_Values:customer_uncorrelated-5_Id:188,36458,37338,43692,36093,36241,36211,36519,36388,36463,36234
q5_Values:customer_uncorrelated-10_Id:189,26548,26446,26528,26838,38743,29844,26699,26506,26449,27002
q5_Values:customer_uncorrelated-50_Id:190,22801,22586,22671,22929,30803,22520,22492,22404,22418,22477
q5_Values:customer_uncorrelated-100_Id:191,22020,21903,21876,21783,21872,30413,21753,21719,21628,21729
q5_Values:customer_uncorrelated-250_Id:192,21886,21998,21689,21368,21675,33177,21530,21462,21444,21739
q5_Values:customer_uncorrelated-500_Id:193,21711,21617,21597,21579,21997,28782,21752,21803,21590,21515
q5_Values:customer_fd-1_Id:194,23857,23695,23980,23794,30854,28495,22945,30770,23188,23073
q5_Values:customer_fd-5_Id:195,22132,22003,22007,21895,22386,32590,26472,22202,21932,21982
q5_Values:customer_fd-10_Id:196,22295,21939,21926,21783,21975,29574,29014,21769,21882,21909
q5_Values:customer_fd-50_Id:197,21791,21877,21512,21572,21828,35707,21578,21485,21722,21601
q5_Values:customer_fd-100_Id:198,22025,21672,21630,21535,21725,27719,21522,21508,21489,21568
q5_Values:customer_fd-250_Id:199,21802,21716,22127,21505,22493,31675,21504,21404,21575,21594
q5_Values:customer_fd-500_Id:200,21784,21640,21634,21612,22430,30799,21543,22134,21642,21707
q6_Values:customer-500-500_Id:201,61904,80078,61639,61194,61306,61369,61257,61163,61454,61263
q6_Values:customer-500-525_Id:202,59806,59505,59899,62493,61755,59911,59599,59359,59487,59687
q6_Values:customer-500-550_Id:203,57567,57491,56958,57154,57043,57255,57077,57324,57409,59066
q6_Values:customer_uncorrelated-500-500_Id:204,41142,41039,50060,40817,40840,41952,41140,41300,41224,41582
q6_Values:customer_uncorrelated-500-525_Id:205,39415,39834,39504,39858,39676,40098,39994,40145,39313,39279
q6_Values:customer_uncorrelated-500-550_Id:206,38192,38196,38290,38157,38681,38816,38535,38525,38470,38429
q6_Values:customer_fd-500-500_Id:207,65711,88512,64330,64598,64951,64951,65058,64407,64676,64567
q6_Values:customer_fd-500-525_Id:208,65083,64940,65262,64941,65202,64116,64177,64261,64540,64813
q6_Values:customer_fd-500-550_Id:209,62123,61837,61578,61894,62069,61778,61617,61435,61417,61905
q7_Value:customer_Id:210,24751,24361,24384,24450,37350,24296,24102,24187,24316,24312
q7_Value:customer_largerNation_Id:211,34976,34831,44893,45727,34696,34474,34823,34710,34442,34548
q7_Value:customer_smallerNation_Id:212,31192,29724,29659,38822,29021,30687,29013,29955,28982,28938
q8_Value:customer_Id:213,62148,65901,55289,54606,54517,54590,55403,54637,54595,55084
q8_Value:customerNonDistinct_Id:214,182797,184865,192674,47950,36841,37647,37437,36991,36723,37082
q8_Value:customerUnique_Id:215,25599,25441,24162,24284,32557,23956,23958,24253,23915,24087
q9_Values:customer-%Cust%omer#000000%_Id:216,36129,36054,42493,35915,35912,35983,35891,35755,35756,35747
q9_Values:customer-%5%_Id:217,50830,50719,58980,50492,50398,50437,50705,50798,50312,50419
q9_Values:customer-%00_Id:218,46989,47377,55643,46910,46995,46871,46834,47368,47178,47205
q9_Values:customer_nameShortened-%Cust%omer#000000%_Id:219,28615,28482,28592,36757,28463,28400,28271,28680,28471,28299
q9_Values:customer_nameShortened-%5%_Id:220,41546,41460,49382,41066,40924,41044,40947,40969,41378,41007
q9_Values:customer_nameShortened-%00_Id:221,38320,38303,49091,38064,38145,38056,37962,37912,38032,38107
q10_Values:customer-%regular%_Id:222,138309,123573,123481,123564,123366,123090,123412,123406,122720,122769
q10_Values:customer-%ace%_Id:223,111009,112790,110233,110340,110276,111146,109997,110133,109980,110559
q10_Values:customer_commentShortened-%regular%_Id:224,74621,87229,74870,74772,74105,74158,73950,74064,74239,73888
q10_Values:customer_commentShortened-%ace%_Id:225,68059,79299,67720,67960,68912,67567,67662,67613,67532,67818
q10_Values:customer_commentFixedSize-%regular%_Id:226,158809,155676,155671,155432,155460,155418,155373,156712,156749,156389
q10_Values:customer_commentFixedSize-%ace%_Id:227,163356,156381,156993,156934,156662,156511,156062,156602,157060,156756
q10_Values:customerExtendedComment-%regular%_Id:228,134271,131018,130371,131104,131325,130843,131294,131051,142219,130365
q10_Values:customerExtendedComment-%ace%_Id:229,132482,125109,125528,124835,124965,124802,124903,124786,124849,124804
q10_Values:customerExtendedComment2-%regular%_Id:230,140916,138365,138920,138617,138807,160451,163269,162502,158429,138167
q10_Values:customerExtendedComment2-%ace%_Id:231,138525,136438,136391,136633,136416,136174,136162,136029,136036,136220
q10_Values:customerExtendedCommentFixedSize-%regular%_Id:232,162311,156349,155959,155839,156058,155456,155518,155934,155628,155580
q10_Values:customerExtendedCommentFixedSize-%ace%_Id:233,170377,157854,157552,158188,157985,158002,158096,158320,157727,157657
q10_Values:customerExtendedCommentFixedSize2-%regular%_Id:234,160691,182190,182790,174836,155142,155722,155619,155264,155368,156247
q10_Values:customerExtendedCommentFixedSize2-%ace%_Id:235,172545,158627,158608,158541,158391,158589,158747,158427,158328,158327
q10_Values:customer_ShortenedcommentFixedSize-%regular%_Id:236,175641,153252,147617,147908,147428,146932,146855,146822,147508,146447
q10_Values:customer_ShortenedcommentFixedSize-%ace%_Id:237,160532,151632,151382,151911,151307,151246,151279,151206,151590,151916
q11_Values:Customer-750_Id:238,13948,13937,13360,13229,13478,13156,13267,24499,13109,13025
q11_Values:customerClusteredIndex-750_Id:239,1318,1268,1234,1230,1193,1193,1213,1205,1199,1219
q11_Values:customerNonClusteredIndex-750_Id:240,2921,2833,2728,2731,2702,2700,2729,2699,2679,2690
q12_Values:CustomerClusteredIndex-7500-15000_Id:241,2931,2871,2855,2845,2822,2827,2819,2849,2792,2797
q12_Values:CustomerClusteredIndex_custkeyNonDistinct-7500-15000_Id:242,1333,1282,1257,1243,1261,1245,1259,1238,1234,1261
q13_Value:customer_char_Id:243,117226,108118,108657,107580,107635,108101,107084,107893,108849,108038
q13_Value:customer_charfd_Id:244,123692,111662,111627,111312,111361,111215,111296,112695,111941,112189
q13_Value:Customer_hexadecimal_Id:245,121908,113387,114188,114103,113904,113441,112953,113728,113634,113746
q13_Value:Customer_hexadecimalfd_Id:246,122380,114298,114530,114808,115099,114379,114985,114186,113674,113432
q13b_Value:customer_char_Id:247,110360,106258,107455,105789,107206,106611,106973,107079,106501,106416
q13b_Value:customer_charfd_Id:248,114077,110829,109839,109982,110167,109783,109810,109964,110545,112101
q13b_Value:Customer_hexadecimal_Id:249,119953,111303,112524,111703,111591,111914,112067,111438,112282,111853
q13b_Value:Customer_hexadecimalfd_Id:250,120779,112215,111895,111908,112318,111876,111486,111023,111254,111578
q16_Values:Customer-%ure_Id:251,52950,65107,52258,52085,51960,52365,51884,52027,51933,51910
q16_Values:customer_bloatedMktseg-%ure_Id:252,66054,76244,63320,61597,66258,66517,66579,66457,66430,66344
q16_Values:customer_bloated2Mktseg-%ure_Id:253,51957,63237,51552,51825,51372,51282,51369,50980,51477,50944
q17_Values:customer-Automobile_Id:254,35072,34650,34684,34828,34629,34444,34778,34246,34535,34402
q17_Values:customer_bloatedMktseg-3utomobile_Id:255,15745,15501,15306,15168,15036,15174,47256,15210,14954,14989
q17_Values:customer_bloated2mktseg-394omobile_Id:256,15161,14274,14130,14139,14209,14117,14300,22798,14430,14219
q17_Values:customer_numericmktseg-194734533_Id:257,31244,30636,31198,41392,30761,30599,30844,30808,30501,30731
q17_Values:customer_bloated2numericmktseg-194735759_Id:258,13599,13628,13413,13430,14600,13251,13436,22805,13143,13154
q18_Value:Customer_Id:259,16765,16556,16421,16396,19016,16549,25957,15921,16376,15873
q18_Value:customerFK_Id:260,17333,16840,16776,17094,16629,17188,29941,16316,16211,16333
aq19_Values:Customer-10_Id:261,20567,20091,19736,19929,19929,32323,19737,19856,20090,19728
aq19_Values:customerFK-10_Id:262,20113,20224,19853,19572,19810,32879,19894,19917,19644,19861
q20_Values:Customer-10_Id:263,52809,85870,52448,53865,68388,53924,52240,73851,55619,76608
q20_Values:customerFK-10_Id:264,53156,63357,52424,52062,52206,51772,51742,51712,52041,51978
q21_Value:Customer_Id:265,55974,63021,55497,55139,54996,55277,55184,54973,54804,55122
q21_Value:customerClusteredIndex_Id:266,36440,36517,47581,36128,35795,36333,35850,35916,35768,35844
q21_Value:customerUnique_Id:267,24335,24476,24229,24069,23976,23968,23986,23945,23960,24171
q21_Value:customerPK_Id:268,26150,26597,26133,35725,25765,25919,25588,25570,25496,25525
q22_Value:customer_Id:269,64027,73205,63543,63533,64448,63913,63734,63580,63517,63219
q22_Value:customerClusteredIndex_Id:270,62337,69235,61644,61362,61354,61558,62028,62183,62020,61631
q22_Value:customerNonClusteredIndex_Id:271,64708,74444,64478,64031,64070,64223,63993,64015,63923,63429
q23_Values:customer-10000-15000-13_Id:272,14719,14428,14302,14215,14206,14280,14429,24637,14583,14611
q23_Values:customerClusteredIndex-10000-15000-13_Id:273,1527,1475,1435,1399,1424,1395,1386,1413,1394,1452
q23_Values:customerNonClusteredIndex-10000-15000-13_Id:274,15244,14969,14812,14809,14788,14702,16905,26883,15011,15036
q25_Values:customer-0_Id:275,22598,22593,22133,22699,64738,22068,22356,21986,22126,21888
q25_Values:customer-2500_Id:276,43896,43737,62179,43676,44038,44265,44233,44052,43764,43843
q25_Values:customer-5000_Id:277,67386,65580,65780,66809,65519,65530,65714,65575,65656,66425
q25_Values:customer-7500_Id:278,88253,86393,110574,86040,86719,86742,86537,86399,86817,86455
q25_Values:customer-9000_Id:279,98708,97970,98293,98465,97786,98087,98508,99806,98125,97872
q25_Values:customer_acctbaluniform-0_Id:280,22920,22800,22646,22921,33177,22494,22275,22247,22137,22125
q25_Values:customer_acctbaluniform-2500_Id:281,44170,44275,51344,44374,44149,44015,44145,44240,44164,44026
q25_Values:customer_acctbaluniform-5000_Id:282,72291,65815,65727,65809,65843,65565,78994,78296,65974,65933
q25_Values:customer_acctbaluniform-7500_Id:283,100154,87717,86352,87097,86771,87192,86510,97588,86309,85755
q25_Values:customer_acctbaluniform-9000_Id:284,99199,118142,99623,100336,126809,100818,100234,99930,99478,99962
q25_Values:customer_acctbalzipf-0_Id:285,28951,28844,28967,47642,39028,39031,39365,45600,39222,38898
q25_Values:customer_acctbalzipf-2500_Id:286,50150,70179,50199,50347,49711,49964,50018,49946,49967,49857
q25_Values:customer_acctbalzipf-5000_Id:287,69936,70818,70391,69877,69651,69814,69547,69849,69510,68607
q25_Values:customer_acctbalzipf-7500_Id:288,88624,88526,88342,87593,89050,88266,88629,88661,89012,89381
q25_Values:customer_acctbalzipf-9000_Id:289,101239,100925,114101,100809,101519,100007,100265,101039,100344,100354
q25_Values:customer_acctbalBinomial-0_Id:290,13487,13228,13203,13056,13076,12865,12767,12985,20489,12800
q25_Values:customer_acctbalBinomial-2500_Id:291,12891,13062,12865,12840,12953,12843,13017,13106,19140,12964
q25_Values:customer_acctbalBinomial-5000_Id:292,62331,62172,61770,61988,61922,61837,61957,61427,61599,61618
q25_Values:customer_acctbalBinomial-7500_Id:293,108057,107997,107977,107656,108187,107642,107761,107892,108315,107719
q25_Values:customer_acctbalBinomial-9000_Id:294,108257,107592,107816,107607,107496,108028,107582,107711,107535,107853
q30_Values:customer--1000-1000_Id:295,33365,32851,32964,41497,32494,32382,32356,32746,32335,32251
q30_Values:customer-1000-3000_Id:296,33078,32887,34409,33154,32656,32680,32840,34379,32689,32776
q30_Values:customer-3000-5000_Id:297,33011,32831,32905,33090,33501,33457,33360,33165,33497,33183
q30_Values:customer-5000-8000_Id:298,41463,41240,41174,41296,40994,41256,41265,41075,40980,41352
q30_Values:customer-8000-11000_Id:299,31566,31394,31404,31315,31457,31406,31483,31542,31511,31740
q30_Values:customer_acctbaluniform--1000-1000_Id:300,33658,33623,41365,33281,33163,36463,44812,33911,33647,33768
q30_Values:customer_acctbaluniform-1000-3000_Id:301,33224,33223,33082,33085,33179,33470,33230,33195,33176,33071
q30_Values:customer_acctbaluniform-3000-5000_Id:302,33764,33746,33502,33756,47541,34087,33735,33392,33715,33530
q30_Values:customer_acctbaluniform-5000-8000_Id:303,42113,42008,42067,42422,42589,41613,41946,41740,41925,41793
q30_Values:customer_acctbaluniform-8000-11000_Id:304,32434,31972,32010,32002,32163,32147,31996,31972,31859,32047
q30_Values:customer_acctbalzipf--1000-1000_Id:305,38514,38543,76509,39267,38179,39532,38146,39279,38127,38093
q30_Values:customer_acctbalzipf-1000-3000_Id:306,33685,33486,33508,47122,33549,33406,33288,33317,33450,33356
q30_Values:customer_acctbalzipf-3000-5000_Id:307,32781,32637,32586,32535,32600,32550,33531,46170,32629,32635
q30_Values:customer_acctbalzipf-5000-8000_Id:308,40996,40455,40339,39735,39871,40174,40033,39985,40058,39833
q30_Values:customer_acctbalzipf-8000-11000_Id:309,30296,30030,29966,30067,29929,30156,29932,29901,30165,29949
q30_Values:customer_acctbalBinomial--1000-1000_Id:310,15266,15114,15342,14913,15094,14881,15008,25834,19683,14781
q30_Values:customer_acctbalBinomial-1000-3000_Id:311,14732,14334,14618,14307,14371,15030,14434,14370,15664,14748
q30_Values:customer_acctbalBinomial-3000-5000_Id:312,63835,63699,64617,63964,64628,64235,64302,64383,63966,64187
q30_Values:customer_acctbalBinomial-5000-8000_Id:313,87112,98304,94611,96100,88697,68378,97030,96426,98048,105599
q30_Values:customer_acctbalBinomial-8000-11000_Id:314,13711,13458,13769,13338,13303,13330,13610,13235,13241,13469
q31_Values:customer-10000_Id:315,23183,23760,22699,19147,34097,19234,18828,18756,18690,18740
q31_Values:customer-30000_Id:316,31293,31180,31271,31078,31007,31161,31044,31093,31035,31110
q31_Values:customer-50000_Id:317,43674,43764,54471,43662,44049,43563,43687,43809,43668,43867
q31_Values:customer-75000_Id:318,59822,59346,59255,68828,59267,59583,68586,59506,68565,59256
q31_Values:customer-100000_Id:319,75034,74473,74746,74123,74221,74524,74204,74496,74750,74391
q31_Values:customer_custkeyZipf-10000_Id:320,21122,21073,20887,21024,30731,20736,20599,23085,25936,25732
q31_Values:customer_custkeyZipf-30000_Id:321,30541,30306,30252,30261,30374,29959,30296,30181,30102,30328
q31_Values:customer_custkeyZipf-50000_Id:322,45566,45453,53264,45428,45447,45403,45291,45314,45567,45605
q31_Values:customer_custkeyZipf-75000_Id:323,57684,57364,57838,58031,57402,57786,57526,57538,57436,57060
q31_Values:customer_custkeyZipf-100000_Id:324,69357,68641,69024,68468,68620,68671,68547,68320,67842,68864
q31_Values:customer_custkeyBinomial-10000_Id:325,13495,13413,13361,13337,13407,13262,13330,20612,12989,12902
q31_Values:customer_custkeyBinomial-30000_Id:326,12916,12849,12751,12739,12735,12697,12635,12630,12703,12750
q31_Values:customer_custkeyBinomial-50000_Id:327,12957,12826,12795,12730,12710,12738,12614,12811,21857,13010
q31_Values:customer_custkeyBinomial-75000_Id:328,62107,61325,61115,60836,61677,62712,61903,60959,60997,60627
q31_Values:customer_custkeyBinomial-100000_Id:329,106896,106344,106341,106938,106787,105959,107600,106812,107253,106714
q32_Values:customer-1_Id:330,17446,17385,17438,17190,17089,17220,25541,16934,16778,16938
q32_Values:customer-2_Id:331,21062,20762,20650,20722,20719,20644,20626,20674,20583,20569
q32_Values:customer-3_Id:332,24889,24865,24292,24613,24387,24377,24371,24463,24389,24389
q32_Values:customer-4_Id:333,28673,28375,28349,28463,28271,28360,28462,28219,28875,28337
q32_Values:customer-5_Id:334,32826,32633,32338,32592,32298,32469,32484,32231,32588,32404
q32_Values:customer-7_Id:335,40664,40242,40195,40355,40468,40228,40048,40095,39982,54142
q32_Values:customer-12_Id:336,59196,59296,59318,59376,59201,59207,58953,58641,58761,58684
q32_Values:customer-15_Id:337,71016,70177,70234,70003,69967,70072,80544,71001,108093,107505
q32_Values:customer-20_Id:338,87609,88419,88296,88852,88149,88526,88232,88434,88311,88635
q32_Values:customer-23_Id:339,97996,98313,98313,98290,97793,98157,98545,98378,98943,98345
q32_Values:customer_nationkeyZipf1-1_Id:340,14841,14406,14403,14308,14243,14229,14425,23533,14893,14846
q32_Values:customer_nationkeyZipf1-2_Id:341,20311,20714,20696,20704,20921,17652,17505,27001,17421,17504
q32_Values:customer_nationkeyZipf1-3_Id:342,18891,18789,18760,22997,22830,20989,18725,18575,18526,18524
q32_Values:customer_nationkeyZipf1-4_Id:343,20275,20157,20134,20127,20056,20413,20610,20115,19995,20007
q32_Values:customer_nationkeyZipf1-5_Id:344,21865,21591,21663,21354,21076,21375,21110,21052,21108,22104
q32_Values:customer_nationkeyZipf1-7_Id:345,24912,25616,25229,24821,24811,24594,24614,24435,24413,24322
q32_Values:customer_nationkeyZipf1-12_Id:346,64598,64916,65461,65265,65313,65314,65029,65063,64796,64908
q32_Values:customer_nationkeyZipf1-15_Id:347,76841,76259,76307,76274,76136,76285,76306,76402,76411,76257
q32_Values:customer_nationkeyZipf1-20_Id:348,99342,99223,99181,99309,99477,99017,99350,99001,98433,98543
q32_Values:customer_nationkeyZipf1-23_Id:349,104360,103993,104442,103543,104946,103481,103619,102700,103351,103445
q32_Values:customer_nationkeyZipf2-1_Id:350,17513,17382,17239,17121,17035,17214,27243,16990,16902,16913
q32_Values:customer_nationkeyZipf2-2_Id:351,17378,17239,17214,17179,17149,17383,17362,17225,17129,17115
q32_Values:customer_nationkeyZipf2-3_Id:352,17560,17455,17360,17345,17326,17420,17324,17266,17300,17255
q32_Values:customer_nationkeyZipf2-4_Id:353,18494,18489,18621,19122,18906,18392,18286,18495,18231,18240
q32_Values:customer_nationkeyZipf2-5_Id:354,18753,18616,18584,18621,19367,18417,18460,18456,18422,18584
q32_Values:customer_nationkeyZipf2-7_Id:355,19755,19358,19725,19636,19361,19245,19312,19506,19282,19562
q32_Values:customer_nationkeyZipf2-12_Id:356,82034,81904,81389,82241,80972,82377,82212,82000,82229,81942
q32_Values:customer_nationkeyZipf2-15_Id:357,81934,81679,81639,81775,81957,81061,81316,81352,82240,82285
q32_Values:customer_nationkeyZipf2-20_Id:358,89275,85515,86093,85199,85388,85756,84957,85093,85581,85897
q32_Values:customer_nationkeyZipf2-23_Id:359,108755,108699,108218,107936,107115,108320,107695,108329,106919,107380
q32_Values:customer_nationkeyZipfWorstcase-1_Id:360,39309,39632,48116,39140,38731,38980,38965,38605,38776,38903
q32_Values:customer_nationkeyZipfWorstcase-2_Id:361,51731,51703,51469,51125,51325,51337,51136,51185,50948,51173
q32_Values:customer_nationkeyZipfWorstcase-3_Id:362,59714,60758,60191,60260,59996,60095,59041,59822,59915,59618
q32_Values:customer_nationkeyZipfWorstcase-4_Id:363,65379,65561,65550,65188,65282,65730,65912,65541,65514,65311
q32_Values:customer_nationkeyZipfWorstcase-5_Id:364,70248,70282,70810,70762,70288,70000,70594,69841,70082,70137
q32_Values:customer_nationkeyZipfWorstcase-7_Id:365,78370,78227,77692,96871,78105,78724,78560,78020,77862,79102
q32_Values:customer_nationkeyZipfWorstcase-12_Id:366,89993,90010,90281,89311,89637,89337,90871,90178,90165,89569
q32_Values:customer_nationkeyZipfWorstcase-15_Id:367,95583,95630,95369,95929,95734,95474,96100,95870,95294,96332
q32_Values:customer_nationkeyZipfWorstcase-20_Id:368,101669,101966,101451,101507,122948,102170,102240,102049,102789,128300
q32_Values:customer_nationkeyZipfWorstcase-23_Id:369,105089,106788,106650,106226,106132,105417,143273,167150,137510,106734
q32_Values:customer_nationkeyBinomial-1_Id:370,13663,13183,13246,13198,13019,12953,12914,13124,28332,12893
q32_Values:customer_nationkeyBinomial-2_Id:371,12957,12874,12774,12733,12701,12811,12808,12742,12689,12662
q32_Values:customer_nationkeyBinomial-3_Id:372,12937,12944,12775,12791,12926,12847,12771,12692,12735,12728
q32_Values:customer_nationkeyBinomial-4_Id:373,13010,12839,12827,12777,12821,12796,12758,12685,12662,12721
q32_Values:customer_nationkeyBinomial-5_Id:374,13056,12887,12848,12731,12770,12740,12736,12715,12715,12707
q32_Values:customer_nationkeyBinomial-7_Id:375,13653,13497,14339,13536,13390,13452,13454,13503,13591,13498
q32_Values:customer_nationkeyBinomial-12_Id:376,47008,46690,46548,46756,46506,46385,46350,46271,46424,46519
q32_Values:customer_nationkeyBinomial-15_Id:377,88764,87759,93275,88713,89054,88306,88598,87990,94046,88633
q32_Values:customer_nationkeyBinomial-20_Id:378,108599,109110,108240,109431,107909,109877,108522,109034,108505,108666
q32_Values:customer_nationkeyBinomial-23_Id:379,107621,107891,108034,107688,108602,108767,107808,108342,108553,108339
q32_Values:customer_nationkeyBinomial2-1_Id:380,13589,13229,13101,12932,12877,12702,12814,12894,24125,12900
q32_Values:customer_nationkeyBinomial2-2_Id:381,13095,12841,12756,12916,12759,12835,12885,12885,22296,12823
q32_Values:customer_nationkeyBinomial2-3_Id:382,13297,13059,12944,12965,12827,12896,12802,12843,12830,12854
q32_Values:customer_nationkeyBinomial2-4_Id:383,14000,13726,13495,13327,13198,13160,13043,13032,12940,12769
q32_Values:customer_nationkeyBinomial2-5_Id:384,13137,12880,12779,13508,12758,12707,12742,12817,12819,12862
q32_Values:customer_nationkeyBinomial2-7_Id:385,13193,12976,13148,12941,12785,12775,13104,12725,12713,12999
q32_Values:customer_nationkeyBinomial2-12_Id:386,13112,12941,12879,12952,12785,12750,12747,12792,12780,12820
q32_Values:customer_nationkeyBinomial2-15_Id:387,13841,13824,13775,13504,13430,13395,13403,13434,13382,13458
q32_Values:customer_nationkeyBinomial2-20_Id:388,51260,51034,50472,50705,50355,50227,50251,50522,50481,50938
q32_Values:customer_nationkeyBinomial2-23_Id:389,98794,99455,98988,99290,99275,99571,99302,106613,100099,100246
q32_Values:customer_nationkeyBinomial3-1_Id:390,14121,13758,13606,13425,13292,13492,24653,13225,13417,13164
q32_Values:customer_nationkeyBinomial3-2_Id:391,16238,16133,15710,15751,15744,15737,15724,15701,15795,15788
q32_Values:customer_nationkeyBinomial3-3_Id:392,23238,23121,23003,22941,22858,22858,22762,23117,22950,22934
q32_Values:customer_nationkeyBinomial3-4_Id:393,36552,36482,36290,36029,36541,36397,36359,46538,35901,36469
q32_Values:customer_nationkeyBinomial3-5_Id:394,54507,54397,54466,67392,63586,57508,58114,68596,55922,55493
q32_Values:customer_nationkeyBinomial3-7_Id:395,89639,88444,88333,88427,88372,101756,88029,88403,87968,88608
q32_Values:customer_nationkeyBinomial3-12_Id:396,110893,107167,107622,106909,107675,108135,108773,108965,108357,108222
q32_Values:customer_nationkeyBinomial3-15_Id:397,109204,109703,108923,109061,108439,109016,108490,108227,107899,108965
q32_Values:customer_nationkeyBinomial3-20_Id:398,109045,108264,108310,108740,108115,108131,108054,107402,108307,108635
q32_Values:customer_nationkeyBinomial3-23_Id:399,108384,109293,122678,122931,107557,108203,108453,108680,108379,108823
q33_Values:customer-Furniture_Id:400,35987,35798,35426,35513,35394,35314,35191,35352,35557,35640
q33_Values:customer_mktsegClustered-Furniture_Id:401,20505,20982,20780,20986,28742,20922,20692,20740,20670,20669
q33_Values:customer_mktsegNonClustered-Furniture_Id:402,36711,37108,45234,36503,36631,36645,36365,36029,36288,36817
q33_Values:customer_bloated2Mktseg-394omobile_Id:403,14881,14763,14763,14588,14545,14492,14798,22106,14780,14640
q33_Values:Customer_bloated2MktsegClustered-394omobile_Id:404,860,787,801,764,759,789,752,759,751,782
q33_Values:Customer_bloated2MktsegNonClustered-394omobile_Id:405,1440,1409,1342,1345,1314,1308,1333,1300,1325,1315
q34_Values:Customer-24568_Id:406,13295,13219,13062,12899,12942,13364,12834,13041,20836,13260
q34_Values:customerClusteredIndex-24568_Id:407,773,725,702,701,694,692,690,693,718,690
q34_Values:customerNonClusteredIndex-24568_Id:408,1292,1232,1209,1217,1203,1185,1193,1180,1179,1192
q35_Values:customer-0-5_Id:409,34898,35055,42111,34564,34464,34639,34565,34323,34220,34329
q35_Values:customer-5-10_Id:410,34711,34739,34693,34788,34715,34579,34582,34725,34856,34777
q35_Values:customer-10-15_Id:411,35008,35324,35031,34842,35015,35018,35181,34855,34983,34729
q35_Values:customer-15-20_Id:412,34946,34816,34520,34716,34832,34815,34946,34674,34635,34602
q35_Values:customer-20-25_Id:413,35011,33522,34896,33310,33261,33347,33319,33327,42723,33189
q35_Values:customer_nationkeyZipf1-0-5_Id:414,23443,23380,23136,23560,31129,23435,23096,22968,23053,23134
q35_Values:customer_nationkeyZipf1-5-10_Id:415,30512,30462,30510,30617,30655,30667,30360,30451,30336,30357
q35_Values:customer_nationkeyZipf1-10-15_Id:416,55871,57125,55682,56069,56656,55567,56100,55499,55270,55288
q35_Values:customer_nationkeyZipf1-15-20_Id:417,48791,39026,40657,39326,39149,39308,39638,40035,39335,39395
q35_Values:customer_nationkeyZipf1-20-25_Id:418,22272,22111,22102,21989,21952,21953,21957,22167,21737,21742
q35_Values:customer_nationkeyZipf2-0-5_Id:419,20808,20708,20568,20529,20695,45622,20366,20191,20178,20095
q35_Values:customer_nationkeyZipf2-5-10_Id:420,78600,77651,96081,86959,78858,78981,77730,92297,81910,79802
q35_Values:customer_nationkeyZipf2-10-15_Id:421,17007,16299,16166,16110,16242,16003,16041,16228,15984,15980
q35_Values:customer_nationkeyZipf2-15-20_Id:422,17845,17750,17687,17665,17772,17672,17688,17611,17719,17887
q35_Values:customer_nationkeyZipf2-20-25_Id:423,37137,36996,36768,36779,36655,36705,36500,36640,36831,36308
q35_Values:customer_nationkeyZipfWorstCase-0-5_Id:424,72919,85006,72361,85208,101825,72364,95675,71887,71933,72012
q35_Values:customer_nationkeyZipfWorstCase-5-10_Id:425,31894,31264,31351,31223,31765,31365,31241,31555,31799,31408
q35_Values:customer_nationkeyZipfWorstCase-10-15_Id:426,24100,23956,24045,24042,24118,24044,24145,24095,24080,24011
q35_Values:customer_nationkeyZipfWorstCase-15-20_Id:427,21218,21180,21094,21018,21257,21095,21040,21009,21094,21040
q35_Values:customer_nationkeyZipfWorstCase-20-25_Id:428,19228,19086,19039,18963,19163,19022,18877,18995,19115,18972
q35_Values:customer_nationkeyBinomial-0-5_Id:429,14691,14237,14283,14376,14128,14150,14440,21984,14137,14094
q35_Values:customer_nationkeyBinomial-5-10_Id:430,33990,34212,34207,34246,34392,28229,26174,25956,25830,26790
q35_Values:customer_nationkeyBinomial-10-15_Id:431,79603,79345,79176,79416,79432,79116,79226,78804,78559,78735
q35_Values:customer_nationkeyBinomial-15-20_Id:432,34596,34508,34146,34243,34183,34586,34119,33963,33936,34386
q35_Values:customer_nationkeyBinomial-20-25_Id:433,13266,13146,13118,13130,13152,13139,13136,13108,13140,13418
q35_Values:customer_nationkeyBinomial2-0-5_Id:434,15153,14885,14963,14597,14561,14511,14611,30453,15500,14313
q35_Values:customer_nationkeyBinomial2-5-10_Id:435,15292,14936,14699,14653,14589,14564,14542,14383,14428,14354
q35_Values:customer_nationkeyBinomial2-10-15_Id:436,15404,15239,15063,15046,15038,14985,15031,14987,14900,14957
q35_Values:customer_nationkeyBinomial2-15-20_Id:437,52046,52356,52386,52412,52299,52226,52013,51928,51900,52847
q35_Values:customer_nationkeyBinomial2-20-25_Id:438,74010,75976,84229,73844,84062,74432,74653,74039,73540,74320
q35_Values:customer_nationkeyBinomial3-0-5_Id:439,57773,68815,57407,57342,56888,56628,56239,56093,56160,55953
q35_Values:customer_nationkeyBinomial3-5-10_Id:440,70284,69146,69332,68961,68275,69477,69453,69317,70212,69578
q35_Values:customer_nationkeyBinomial3-10-15_Id:441,15515,15331,15151,15078,15063,15036,14909,14957,14921,14906
q35_Values:customer_nationkeyBinomial3-15-20_Id:442,13288,13137,13463,13107,13220,13047,13070,13073,13032,12950
q35_Values:customer_nationkeyBinomial3-20-25_Id:443,13368,13174,13659,13357,13184,13081,13037,12997,13028,12975
q36_Values:customer-BA_Id:444,34560,34865,41348,34258,34874,34123,33806,33809,33799,33852
q36_Values:customer-CA_Id:445,52829,52521,54392,52620,53473,53058,53259,52681,53093,53982
q36_Values:customer-GA_Id:446,70891,71401,70632,70656,71714,71408,71341,71042,70829,71589
q36_Values:customer-IA_Id:447,90060,89637,89714,88830,90521,91083,89756,90362,90239,89976
q36_Values:customer-XY_Id:448,107967,108364,107812,111203,107860,107639,107016,106747,106963,106599
q36_Values:customer_mktsegZipf-BA_Id:449,67190,78907,56588,57106,59531,56683,56614,56835,56653,56659
q36_Values:customer_mktsegZipf-CA_Id:450,77401,77276,76280,76830,76814,76291,76524,76885,77197,76641
q36_Values:customer_mktsegZipf-GA_Id:451,89451,89417,89418,91160,89694,90055,90020,89806,90209,89827
q36_Values:customer_mktsegZipf-IA_Id:452,101713,100059,99923,100645,100506,100266,100738,100596,100645,100926
q36_Values:customer_mktsegZipf-XY_Id:453,109512,108273,108928,108683,108747,108469,109140,108813,108818,108646
q36_Values:customer_mktsegBinomial-BA_Id:454,21350,24132,21128,30418,44081,20842,20949,20660,20778,20602
q36_Values:customer_mktsegBinomial-CA_Id:455,44143,44047,46749,43813,44132,44138,44054,48047,65347,65142
q36_Values:customer_mktsegBinomial-GA_Id:456,74397,75119,75280,74829,74043,58273,50711,50286,50260,49958
q36_Values:customer_mktsegBinomial-IA_Id:457,85186,84957,85863,85396,85538,84474,85085,84620,84601,88971
q36_Values:customer_mktsegBinomial-XY_Id:458,108295,108361,108492,108174,107919,108442,108601,108658,110133,117793
q36_Values:customer_bloatedmktseg-BA_Id:459,113229,108896,108687,109101,109579,108981,108822,109098,108895,108667
q36_Values:customer_bloatedmktseg-CA_Id:460,109466,108594,109337,108959,107824,108574,107652,108035,107792,107148
q36_Values:customer_bloatedmktseg-GA_Id:461,107627,110577,107955,108546,107657,108082,108924,108342,108048,107688
q36_Values:customer_bloatedmktseg-IA_Id:462,107777,107975,107949,108053,108061,107928,108186,107671,107798,107751
q36_Values:customer_bloatedmktseg-XY_Id:463,107910,106271,107325,107719,106992,107018,106726,108139,107564,107438
q37_Value:customer_Id:464,24274,24166,23988,23895,24168,23837,25430,23903,23761,23706
q37_Value:customer_mktsegZipf_Id:465,29512,24515,24370,24524,37608,24259,24157,24452,24128,24779
q37_Value:customer_mktsegBinomial_Id:466,24380,24396,24401,24495,36542,24394,24281,24253,24121,24213
q37_Value:customer_bloatedmktseg_Id:467,25796,25724,25622,25527,25529,25375,25382,25319,25699,25860
q38_Values:customer-1_Id:468,80387,106596,78691,78660,78614,78173,77753,77780,77884,77837
q38_Values:customer_custkeyZipf-1_Id:469,42443,42444,54609,41821,42534,41978,42279,42120,42078,41858
q38_Values:customer_custkeyBinomial-1_Id:470,25028,25014,24883,25074,42103,24824,24620,25111,25408,25032
q39_Values:newCustomer-0_Id:471,13418,13202,13259,13019,13303,12976,12966,13063,36520,12903
q39_Values:newCustomer-250_Id:472,37370,37383,37436,37238,37117,37217,37074,37096,37207,37051
q39_Values:newCustomer-500_Id:473,61295,67998,60524,60875,60900,60671,60501,60842,60578,60377
q39_Values:newCustomer-750_Id:474,82695,82691,82830,82464,83093,82637,82757,83225,83698,83325
q39_Values:newCustomer-1000_Id:475,105926,105379,106040,104833,105250,105037,105284,105420,105209,105046
q39_Values:newCustomer-1500_Id:476,105876,104961,105306,105232,106571,105679,105958,105464,107608,105357
q39_Values:newCustomerBiggerDomain-0_Id:477,37140,37628,45492,37031,37304,37249,37415,37413,37907,37807
q39_Values:newCustomerBiggerDomain-250_Id:478,49183,49027,49641,48944,48999,49845,49589,49071,49095,48982
q39_Values:newCustomerBiggerDomain-500_Id:479,60618,70374,60491,60291,60566,60229,60246,60367,60375,60202
q39_Values:newCustomerBiggerDomain-750_Id:480,72330,71789,72257,72308,70945,71170,71862,71968,72034,72159
q39_Values:newCustomerBiggerDomain-1000_Id:481,129118,116117,82930,82538,81990,82939,82706,82114,82421,82790
q39_Values:newCustomerBiggerDomain-1500_Id:482,104089,105103,107814,107563,106204,106635,105801,106282,105565,105665
q39_Values:newCustomerRightDomain-0_Id:483,13198,12943,12856,12863,12730,12772,12721,13252,47781,12930
q39_Values:newCustomerRightDomain-250_Id:484,25432,25445,25360,25567,25080,25280,32228,34440,34488,34453
q39_Values:newCustomerRightDomain-500_Id:485,49839,53628,38066,37684,37907,37363,37725,37866,37529,37520
q39_Values:newCustomerRightDomain-750_Id:486,49386,49882,49468,49061,48825,48987,48754,48806,48833,48830
q39_Values:newCustomerRightDomain-1000_Id:487,60618,60969,60671,60789,61088,60591,60571,60948,60457,60788
q39_Values:newCustomerRightDomain-1500_Id:488,104480,83284,83168,83199,82711,82475,82160,83695,83349,83074
q27_Values:customer-0_Id:489,65322,72105,64885,64460,64474,64276,64189,64187,64552,64144
q27_Values:customer-1_Id:490,66234,65767,65940,65548,65551,64980,65019,65028,64968,64969
q27_Values:customer-25_Id:491,86691,86828,87317,93089,87100,86406,86374,86235,86458,86611
q27_Values:customer-50_Id:492,109943,109160,109772,109351,109203,108817,109250,109305,109181,109227
q27_Values:customer-100_Id:493,110420,109815,110192,109868,131337,109833,109712,114632,109227,109472
q27_Values:customer_uncorrelated-0_Id:494,69482,80797,68504,67581,68224,67676,67648,68052,68086,68010
q27_Values:customer_uncorrelated-1_Id:495,68122,68470,68168,70858,68236,68197,67083,68286,68324,68602
q27_Values:customer_uncorrelated-25_Id:496,70815,70968,70481,70313,71010,73187,76853,70229,69771,68578
q27_Values:customer_uncorrelated-50_Id:497,72151,71984,72025,72880,72455,72330,72756,73570,72147,72722
q27_Values:customer_uncorrelated-100_Id:498,76663,77475,76827,76460,76586,76503,76763,76468,76456,76918
q27_Values:customer_fd-0_Id:499,121165,116260,116826,141635,115687,115165,115222,114756,115117,114483
q27_Values:customer_fd-1_Id:500,115582,115412,115262,116351,116928,116523,115989,115697,116350,116790
q27_Values:customer_fd-25_Id:501,114482,114862,114720,116953,119157,114707,114981,115506,116130,114917
q27_Values:customer_fd-50_Id:502,116573,116783,122380,128526,152034,127934,128095,128501,174982,151918
q27_Values:customer_fd-100_Id:503,116986,116433,117068,116695,114728,117993,130254,114681,115224,120348
q28_Values:customer-0.5_Id:504,31368,31781,31338,40307,31037,31243,31220,31194,31165,31196
q28_Values:customer-0.75_Id:505,33757,33659,33692,52536,33791,33432,34162,33484,33332,33356
q28_Values:customer-1_Id:506,64990,73177,65345,65646,65054,65086,65062,65230,65055,64293
q28_Values:customer-1.25_Id:507,133477,118130,118269,118899,118403,118125,118034,118517,117786,117970
q28_Values:customer-1.5_Id:508,131323,120243,120382,120577,123988,120637,120526,120717,120670,121328
q28_Values:customer_uncorrelated-0.5_Id:509,57584,69835,56175,56219,55946,58956,65441,56084,55869,55801
q28_Values:customer_uncorrelated-0.75_Id:510,71072,76180,68284,68315,68357,68405,68221,68420,68226,68278
q28_Values:customer_uncorrelated-1_Id:511,67953,75541,67803,67635,67780,67534,67700,67870,68004,67742
q28_Values:customer_uncorrelated-1.25_Id:512,90583,97669,90655,90633,90371,90890,91670,91199,95169,91174
q28_Values:customer_uncorrelated-1.5_Id:513,97245,97387,97900,97408,97634,97897,97653,97752,97781,97539
q28_Values:customer_fd-0.5_Id:514,33013,33117,32983,54958,32636,32690,32532,32501,32474,32414
q28_Values:customer_fd-0.75_Id:515,37747,37866,49444,37853,37593,37595,37589,37649,37733,37550
q28_Values:customer_fd-1_Id:516,116558,115786,117888,116180,116241,115655,116033,116743,116112,115466
q28_Values:customer_fd-1.25_Id:517,130043,129763,129736,131962,135404,144087,129300,129906,129755,130595
q28_Values:customer_fd-1.5_Id:518,131605,130854,130519,130528,131545,131836,131117,131282,130931,129906
q29_Values:customer-1_Id:519,25331,24845,25013,24905,36018,25537,25487,24780,34716,24623
q29_Values:customer-15_Id:520,52588,52460,51853,51969,52433,52007,51727,51877,51742,52293
q29_Values:customer-25_Id:521,69037,69001,68960,68921,68971,68830,69391,68900,68931,68746
q29_Values:customer-35_Id:522,87494,87377,88112,87447,86573,87325,87117,87441,86896,86626
q29_Values:customer-50_Id:523,114709,113728,113180,114009,113849,113926,114016,114046,113889,113913
q29_Values:customer_uncorrelated-1_Id:524,24047,23696,23600,23828,37548,23696,31477,23577,23608,23573
q29_Values:customer_uncorrelated-15_Id:525,27295,27001,26965,26975,27144,26933,26941,27026,26878,26770
q29_Values:customer_uncorrelated-25_Id:526,28996,28814,28745,28761,28730,28786,28758,28776,28720,28637
q29_Values:customer_uncorrelated-35_Id:527,30805,30682,30640,30647,30521,30764,30424,30939,30709,30626
q29_Values:customer_uncorrelated-50_Id:528,34452,34039,33923,33938,33766,33930,33787,33675,33675,33778
q29_Values:customer_fd-1_Id:529,23061,22926,22822,22928,33845,25687,22895,22862,32037,23010
q29_Values:customer_fd-15_Id:530,22829,22833,22795,22820,22836,22808,23071,22935,22796,22697
q29_Values:customer_fd-25_Id:531,22644,22524,22528,22657,23185,23192,22868,22779,22765,22683
q29_Values:customer_fd-35_Id:532,121148,124136,120980,121652,120090,120437,120528,121090,121356,120634
q29_Values:customer_fd-50_Id:533,149713,120462,121217,121748,121715,120365,120989,120817,120841,120011
q40_Values:customer-100-200-0-300_Id:534,25492,25325,25199,25513,43617,32583,32485,32533,32456,32404
q40_Values:customer-200-300-100-400_Id:535,31967,32397,32497,41760,32570,32603,32492,32418,32570,33017
q40_Values:customer-500-600-400-700_Id:536,31864,32478,32584,56918,32701,32171,32592,33013,27023,28489
q40_Values:customer_uncorrelated-100-200-0-300_Id:537,19324,18882,18790,18726,18874,47019,18940,18859,19344,18891
q40_Values:customer_uncorrelated-200-300-100-400_Id:538,18740,18646,18580,18553,18730,25709,18770,18653,18724,18836
q40_Values:customer_uncorrelated-500-600-400-700_Id:539,19106,18903,18807,18744,19792,40488,23621,20435,19386,19445
q40_Values:customer_fd-100-200-0-300_Id:540,33228,34718,31014,39474,32934,26494,26108,26086,29388,26009
q40_Values:customer_fd-200-300-100-400_Id:541,25880,25683,25881,59873,29426,26167,33368,27220,26067,32552
q40_Values:customer_fd-500-600-400-700_Id:542,32945,33062,25982,36911,29667,26288,29575,26100,29395,26109
q41_Values:customer-100-200-0-300_Id:543,15956,16003,15672,15541,15823,15703,29474,18676,15600,15701
q41_Values:customer-200-300-100-400_Id:544,15720,15439,15376,15333,15311,15548,24923,15443,15446,15485
q41_Values:customer-500-600-400-700_Id:545,16087,16025,15710,15715,15742,15920,35599,26722,17985,15901
q41_Values:customer_uncorrelated-100-200-0-300_Id:546,15724,15489,15343,15279,15340,15458,23610,15750,15318,15428
q41_Values:customer_uncorrelated-200-300-100-400_Id:547,15579,15493,15429,15477,15441,15547,30915,15698,15626,15671
q41_Values:customer_uncorrelated-500-600-400-700_Id:548,16272,16227,15877,16096,15641,16090,24408,15884,15871,16039
q41_Values:customer_fd-100-200-0-300_Id:549,15943,15820,15587,15584,15594,15811,24706,15768,15821,15946
q41_Values:customer_fd-200-300-100-400_Id:550,16019,15795,15686,15647,15661,16183,25640,16027,16026,15992
q41_Values:customer_fd-500-600-400-700_Id:551,16346,16256,16068,16007,15910,16182,29644,16256,16193,16185
Q29b_Values:customer-1_Id:552,25783,25479,25248,25159,25105,25024,25323,25582,25516,24779
Q29b_Values:customer-10_Id:553,42123,42009,42069,42677,43005,42499,42460,42175,42178,41961
Q29b_Values:customer-15_Id:554,51042,50942,51105,50973,51134,51107,51171,51159,51239,51373
Q29b_Values:customer-21_Id:555,62117,61873,62421,61746,61671,61459,61739,61757,61639,61838
Q29b_Values:customer-25_Id:556,68686,69196,68503,68743,68847,68789,70082,69594,69512,68988
Q29b_Values:customer_uncorrelated-1_Id:557,24021,23850,23885,23732,23679,23650,23647,23902,23828,24503
Q29b_Values:customer_uncorrelated-10_Id:558,27072,26782,26869,26759,26942,27136,26860,26688,26746,26859
Q29b_Values:customer_uncorrelated-15_Id:559,28765,28898,28704,28697,28586,28708,28699,28597,28644,28709
Q29b_Values:customer_uncorrelated-21_Id:560,30704,30870,30882,30784,30920,30855,30840,30750,30864,30746
Q29b_Values:customer_uncorrelated-25_Id:561,32198,32105,32155,32083,32152,32016,32049,32047,32070,32068
Q29b_Values:customer_fd-1_Id:562,23159,22972,22834,22803,22761,22623,22622,22851,22655,22575
Q29b_Values:customer_fd-10_Id:563,23170,22861,22875,22844,22768,22644,22580,22681,22591,22575
Q29b_Values:customer_fd-15_Id:564,22720,22716,22744,22924,22773,22714,22641,22595,22573,22499
Q29b_Values:customer_fd-21_Id:565,22743,22612,22786,22714,22463,22531,22469,22485,22492,22451
Q29b_Values:customer_fd-25_Id:566,22740,22897,22535,22517,22489,22447,22450,22457,22495,22483

