q0_uniform,480564,494364,492679,498151,493619,492424,491939,495391,491528,493706,497523,491137,498443,494094,498199,496257,494153,487492,499008,496780,494396,498500,495440,498690,497789,496003,490429,498927,494613,498213,507372,503543,506341,490202,493927,501362,513366,493095,501193,494128,494989,503713,491722,498850,497938,497252,486141,498427,493025,500882
q0_zipf,355674,355359,344866,356248,350549,356544,361499,351514,359476,352160,549116,541311,544153,542847,545539,549725,539870,542751,541345,541177,261536,257089,258979,259010,260207,258644,257387,256199,262016,257530,207068,210374,210315,209276,208622,205534,209850,210658,211563,207624,614418,585862,583411,582770,582450,581961,586505,599669,582081,715679
q0_binomial,147326,145231,148271,149184,147827,150601,147879,144810,146667,144768,621972,625621,633762,621280,625110,625240,613294,627650,619848,626928,525963,523694,520351,553765,524072,561800,521414,520730,526681,520784,619486,626142,617895,626392,625372,618706,631295,619117,631497,626457,150044,154536,151430,147935,149916,150108,146192,149306,148213,149142
q1_uniform,94565,93454,90962,89389,87844,92670,91711,91730,92745,93062,90984,90983,92111,88483,89409,92672,92824,90316,90655,91488,92417,88825,92184,89277,88505,91046,90288,89838,92046,91132,92621,93219,94075,89497,90630,94401,93138,90254,93413,92101,93980,93202,92468,87233,93459,92609,93176,92922,91277,92738,92605,91661,90027,88595,92903,91453,93133,92826,91787,88935,90368,89843,88152,88057,89891,90687,90794,90685,90098,88812,89471,90973,88578,87035,91346,91700,90428,88694,87097,90374,90846,89711,87105,86455,91486,91497,90703,91580,91713,92149,92648,93460,88108,90399,90861,93301,93581,93546,92180,91683
q1_zipf1,50661,49676,54512,48420,48395,52704,52154,48437,49923,53968,44352,43493,43330,43901,42038,43490,42728,42394,42240,42511,41524,40404,38641,39455,39209,38870,39171,39673,40342,39765,45481,45209,45155,44307,46239,42617,44874,44731,44246,44060,42391,41724,42460,41936,41602,40730,41788,40229,42500,44614,40157,43428,39048,38695,40048,38998,38755,37980,36748,38840,70751,66322,71019,65531,64301,68627,68272,69016,69217,71032,40555,41756,40214,40288,41373,40211,41070,40387,41260,40961,40542,40068,40150,40761,39752,38580,40419,39750,40560,39482,102409,102627,102762,102519,105041,99520,102913,101596,103476,102878
q1_zipf2,37186,36801,35960,36299,39581,38573,35373,35480,35996,34959,28963,28551,30018,28565,28454,28675,28584,28317,28735,28238,34844,33557,34662,34406,35210,33802,35083,34413,34169,33774,32567,29758,32729,36430,29427,29374,29879,29186,29469,28804,167860,167766,166207,165774,165117,167685,167161,167365,165662,167917,31026,29521,29856,29587,30560,30208,30939,29827,29517,29453,32024,31747,30947,31859,32289,30512,30474,30963,30905,31002,42828,41866,42333,41723,41757,41071,40157,41204,41229,41297,35629,33275,33711,34081,34779,32858,32378,33951,32573,33240,32313,30816,30464,33809,30075,30251,29602,30216,30242,29686
q1_zipf,325266,324319,318267,321761,324224,319895,323794,321729,322500,322557,210867,208740,209237,209762,211394,208855,205342,208849,210272,209069,156730,157232,159054,158981,159251,156570,156198,154270,159843,159763,124622,122980,123571,120575,124288,124833,124852,125770,124905,124996,99172,100525,102830,103060,102166,100338,100448,100867,101915,100502,67701,72268,70861,68435,70518,70832,68426,70744,72226,71134,43178,43112,43042,41704,43011,41246,41963,41436,41884,41975,41218,44696,41095,41587,41389,40859,40469,40621,39974,38842,38914,40049,39145,38993,38647,39573,38663,38299,39713,38678,39440,38294,37428,37131,36825,36167,36381,38119,37127,37175
q1_binomial,28674,28429,28796,28372,28354,29814,28172,28531,28611,28500,29380,28544,28258,28195,28516,29405,30807,29025,28159,28086,28444,28350,28207,28862,28295,28193,28038,28836,27901,27896,30541,28313,28239,28080,27987,27855,27980,27988,27942,28072,29443,29019,28799,28853,28905,29496,31405,28553,28892,28523,40147,40000,39591,40039,39650,40012,39064,40278,39437,40471,388162,388752,381453,383085,378408,382759,379535,377222,384863,383933,232126,232709,234802,231904,234117,234787,232930,230435,235890,235716,30095,29780,30531,28993,29968,29575,30816,29604,29883,29125,28746,28361,31788,28264,27963,27853,28171,28296,28116,28249
q1_binomial2,28995,28485,28529,28550,28390,28325,28254,28327,28534,28233,29438,28640,28550,28337,28389,28380,28560,28432,28772,28776,30027,28777,28736,28299,29028,30000,28626,28995,29482,28675,28907,28769,28179,28301,28375,28678,28448,28471,28931,28846,29353,28958,28954,28720,28977,28617,28887,30186,28507,28675,29195,28573,28538,28492,28990,28466,28798,28286,28989,28673,32327,28399,28478,28217,28508,28283,28531,28348,28174,28201,38869,39806,38268,39385,39479,38811,38990,47512,41052,39574,499777,489855,490515,478575,487272,490577,494220,486739,490030,490518,173204,173152,170720,171743,170076,172707,171532,172107,167515,169386
q1_binomial3,45983,45346,43799,44046,45615,44528,42504,42644,43306,44226,167498,171895,170443,171363,172951,169051,170894,171912,172132,171390,340920,338089,333745,337376,342153,336778,337863,341734,335556,338342,470717,472462,466421,468334,466119,466059,466294,463329,469606,473684,501496,491085,493154,489703,493709,492335,496839,489430,494142,491936,271178,268609,266896,267381,275051,268472,267483,265997,265783,264088,29398,29825,28926,28520,28572,28556,31400,28660,28409,30136,38513,28396,28141,27920,27864,27813,28023,28025,28163,28478,28937,31647,29155,28256,28089,28137,28246,30505,29085,28839,28685,28444,28089,28121,28133,28280,28076,28013,28045,28051
q2_uniform,79238,75773,76431,80197,81900,76092,73443,68358,82181,73184,72108,77455,77670,75188,80894,68532,74109,72185,69045,65991,74759,78679,76899,75738,73687,80307,75151,79841,64981,77413,73808,74744,71553,78526,78099,80771,80800,79633,83897,82937
q3_uniform,77519,78337,77365,78006,77800,77169,77926,77772,78399,78029,69267,69651,69043,69150,69578,69176,69766,69513,69138,69087,68754,68254,67925,67867,68536,68051,67851,67910,69382,67748,68365,66527,66826,66426,66834,66623,66288,66339,66208,66265,66403,66570,66378,66138,66326,66120,67113,66124,66499,66103,66363,66204,67350,66247,66093,66314,65919,66155,66154,66196,67835,66358,67041,66034,66256,65961,66214,66632,66174,66453,66780,66362,66457,66087,66671,66567,66991,67168,69658,66643,67128,66359,66916,65931,66033,65924,66069,66053,66205,66858
q3_zipf,82478,82017,82272,82628,84890,84745,83028,83453,83494,83235,74418,72907,73129,72919,80030,72349,72329,72237,72156,74666,72700,70912,71283,71581,71206,71553,72605,71775,70911,70843,70261,69492,69618,70033,68787,69194,68687,68628,69629,68994,68546,70676,68378,68546,68395,68947,68419,68208,68878,68815,68318,68285,68015,68572,68850,68363,67962,68771,68730,69441,70465,68650,68649,69162,68248,70923,68837,68311,68191,68291,68847,68615,69630,71357,71083,69904,68484,68261,68626,69246,68639,68287,69890,68631,70167,68773,70211,68510,68839,68891
q3_binomial,70000,69915,69453,70027,70231,70230,70463,69236,70144,69082,69512,69127,68314,68835,68856,68205,67985,68557,68870,68382,68711,68491,68004,67792,67886,68023,67823,68025,68497,68066,70288,67789,67704,67977,67981,68270,67776,69188,67614,67828,68445,68382,67716,67763,67602,68947,67644,70210,68911,69999,68617,68361,68354,67996,68257,68215,68239,68231,68345,68246,69547,68256,67951,68569,68608,67993,68197,68752,67909,68513,68776,67904,68041,68333,68731,68916,69697,69145,67987,68317,67973,68127,68284,70357,69216,68403,67789,68158,68035,68440
q3b_uniform,48814,49163,48548,48695,48816,48413,48344,48842,48971,49712,48587,46926,46740,46782,46943,52425,47195,47116,47027,46954,46942,46486,46406,46600,46470,46454,46462,46341,46640,46939,47604,46411,47329,46331,46425,46442,46709,46565,60370,61455,47998,46383,47315,46298,46565,46489,46705,46727,46653,49566,48360,46553,47022,46419,46707,46956,46485,46432,46348,51006,47176,46511,49038,47022,46488,49393,47437,46694,48219,46676,46509,46382,46665,46498,46640,47451,46302,46533,46481,46161,48279,46221,47192,46667,46178,47776,46312,46407,46392,46556
q3b_zipf,51968,50526,50850,50632,50877,50807,50478,50786,55278,50730,49218,48853,49096,49351,49294,48735,49331,48709,48890,48938,50597,49093,48831,48494,49024,49037,48898,48973,48311,48732,48521,48744,49462,48093,48364,48036,48004,48087,47862,48175,49466,48075,48597,48053,48357,47956,48012,48447,48821,48221,48348,48459,48046,48441,48747,48305,48380,48539,49307,47945,48237,48353,47902,48099,48276,47938,47882,48507,48216,49017,48531,48032,48391,47932,48281,48058,48064,52053,52437,47911,48723,48016,47996,48059,48625,48128,48234,48445,47774,47940
q3b_binomial,80154,79932,79623,78407,79133,78571,79167,78423,79068,80082,81976,78492,78297,77615,78082,77833,77886,79971,78492,77833,79188,77425,77817,77497,77530,78093,77964,77310,77671,77388,77954,78156,82692,77775,77532,78235,77443,77942,77983,77657,77502,77406,77645,79068,78424,77782,77511,77053,77285,77775,81362,77639,77586,78190,78165,79012,79788,77642,77717,77236,78437,78652,78145,77454,77797,77176,77574,78012,77237,77535,77191,77943,77398,77305,78661,77499,77601,77330,78308,78216,80185,77769,77410,77123,77928,78188,77799,77458,77686,78095
q5_uniform,102395,100625,101943,103126,100580,101063,101963,101496,102196,101731,47775,48119,49626,47466,47745,47765,48195,48673,48346,47881,46470,45784,45840,46035,46323,45606,45596,45566,45590,45580,44465,44336,44246,43987,43826,44468,44344,44613,44145,43861,44059,44077,44989,43902,43722,43818,43905,43803,43780,43823,47387,45146,44007,43929,44000,43894,44048,43999,44016,43830,45909,44947,44191,44178,44014,44216,44225,44276,43977,43870
q5_uncorrelated,232369,237695,233805,229960,233512,226793,231941,231731,225422,237687,70502,72038,70302,70630,70994,70943,71848,70856,70506,70577,52424,52548,54055,52495,52586,52463,55872,52435,52302,52190,46532,46229,46090,46114,46148,45990,46158,46172,46161,46139,45263,45577,50291,45242,45049,45291,44983,45158,45217,45385,46620,44701,48182,44865,44768,44570,44834,44616,44319,44975,50955,44878,44906,44865,44786,44528,44553,44865,44869,44737
q5_fd,48126,51353,46553,46749,46636,46759,46444,46732,46756,46708,45043,45105,45029,44938,44777,44776,45067,45867,44809,48078,45742,45448,45384,45499,45575,45907,45352,46604,45358,45822,44798,44848,48041,45178,44350,44807,44642,44682,44797,47599,45364,45015,44835,44597,44746,45199,44809,45614,44754,44800,44780,44782,44829,47043,45331,44907,48373,44820,44625,44500,45819,44743,44992,44619,44381,44490,44665,44649,44711,44674
q6_uniform,1207944,1215154,1214299,1227562,1213325,1209582,1209002,1213136,1210745,1217226,1173579,1179514,1174044,1188241,1185453,1202803,1185928,1184420,1176775,1182072,1118608,1113614,1094469,1102025,1100591,1092635,1110328,1095086,1090383,1098739
q6_uncorrelated,673747,667684,677532,672044,666002,688930,681614,674674,684448,681789,642502,639408,646650,647085,641447,640436,641199,635249,636310,644429,612200,604440,603780,616502,604383,617947,615225,598356,602775,543783
q6_fd,645202,668678,659620,635479,633899,736740,659785,638887,636774,639979,639425,636075,638003,633786,722714,637230,637871,635806,635343,638246,1269161,1265737,1273375,1259100,1274838,1277799,1259023,1258856,1264243,1271218
q9_uniform,74096,74714,74183,73785,75116,73713,74858,74368,76720,73903,212575,210838,211601,209202,210964,209761,215080,210445,209160,199413,106636,107601,108540,107062,106824,106375,106529,107062,106672,109871
q10_uniform,770790,778007,771153,768959,775667,766478,785928,779290,769521,765793,245453,239616,240138,240018,241818,239553,241223,239909,239791,240576
q11_uniform,32411,28671,28060,31449,27925,27831,27641,28669,28636,31292
q13_fd,1128892,1094510,1102581,1101256,1099115,1094295,1093440,1104946,1114789,1114059,1292835,1133174,1148226,1117355,1117110,1126152,1129168,1343425,1121959,1120074
q13b_fd,1089312,1073613,1083447,1265335,1128663,1073029,1086838,1075643,1076239,1077760,1202927,1165351,1104911,1105580,1091413,1096034,1125929,1103595,1096139,1100166
q16_uniform,474832,470334,474205,470966,476437,469185,470556,470226,474286,469580
q17_uniform,483733,490723,488090,488942,488486,492678,487725,495293,489454,489385
aq19_uniform,36405,35421,35936,35613,35594,35411,35421,35367,35224,35235
q20_uniform,522575,632947,582150,625304,514840,514674,514550,590936,512843,532859
q23_uniform,32628,32434,31733,31404,32137,31456,32889,31819,35323,33008
q25_uniform,214871,215638,212926,211674,212861,214480,217379,220642,211286,214393,446655,482367,439526,437148,439288,435697,438077,443944,439174,437461,647568,704222,656249,656459,651958,645523,646110,648446,654608,648665,854597,858146,849587,852570,864591,850881,854184,856797,859256,850294,968945,975691,976246,973219,979193,973297,1063092,1029171,975378,967666
q25_zipf,156320,162087,160008,160003,159626,159458,157218,161624,159316,161118,663515,653547,658567,665690,655805,655994,661506,663145,664179,654044,586979,588354,587539,590098,589569,589896,588359,588275,587157,587399,835745,845258,834337,842664,838572,843566,842180,842224,837939,846211,1011190,1006579,1010793,1011257,1010952,1004525,1006216,1008357,1005470,1032543
q25_binomial,28809,29420,28807,28954,28379,28357,29327,28792,28096,28235,28590,28746,28607,30226,30841,27961,28318,27884,28029,27947,625526,621181,609179,609697,613154,612325,609618,613603,610801,627926,1118058,1079256,1080060,1080575,1079522,1078380,1076002,1077466,1075970,1085178,1080824,1083422,1076657,1079407,1081499,1081486,1073491,1077827,1074127,1075732
q30_uniform,449651,440936,442637,442829,446731,437143,445509,445970,439805,444915,458928,442773,448335,446849,450598,450112,449626,461165,447794,453198,455525,445885,454469,452293,449043,449321,446802,450363,450396,453269,674659,678028,675261,677350,685266,688211,674343,685101,678906,682646,444234,451610,443122,454500,445596,449239,454734,442499,445288,447000
q30_zipf,379751,376603,365610,375379,373052,374386,376442,370361,373118,375872,349130,351951,346235,350242,350196,342235,347289,351278,353893,351192,422578,430198,430503,429339,422335,431541,423143,423408,429692,421297,786350,783133,783932,783111,793080,786686,786404,786705,781314,778062,555941,561204,543884,557158,552956,558092,550930,545733,557178,559649
q30_binomial,32578,32268,32176,39383,37482,39139,35913,31946,32070,31831,32521,32843,32036,31865,33258,33309,34390,32007,32246,31729,632992,634499,665367,634855,645828,633471,773892,636203,634231,632552,690238,630176,774692,672824,635351,631794,631991,631062,633268,631960,29993,28890,28904,28848,28065,29185,29144,28357,28247,28484
q31_uniform,39858,39207,38518,38325,38206,38422,37918,37919,37563,40001,73000,74527,70166,71646,65926,73116,74309,68496,69644,74785,101517,103872,100272,103987,103654,99718,105002,103943,99218,95109,139391,136274,140884,143549,134487,137022,142958,139291,137496,146331,179332,174235,180183,178800,180072,181568,182214,190834,180452,180116
q31_zipf,127180,124607,129623,129612,128642,127790,127310,127826,128489,123424,408848,396331,403349,394591,404074,400827,399743,399275,395602,405479,709110,688026,682841,693892,683742,683608,698065,694390,687085,688546,622858,621704,620631,623201,622657,620966,623749,619268,621007,621983,758264,754822,753350,755258,758242,762892,757204,758220,763537,759762
q31_binomial,29860,28628,28946,28453,28504,28142,28502,28426,28313,28237,28705,28303,28458,28270,29990,29912,28396,28387,30760,28110,30538,28930,28090,28332,28122,28481,28251,27975,28123,28119,630734,643799,619017,618864,620747,617918,617938,621032,617837,620634,1090439,1102324,1078953,1074892,1081655,1084476,1082681,1128371,1080259,1080358
q32_uniform,92337,91104,89951,89334,91079,91505,89133,84307,89619,90834,190672,187550,188927,185892,187842,191247,188232,186049,184910,189645,289832,284726,288869,285345,281637,290381,288259,286188,282772,290677,387990,396026,396510,394258,395145,388666,397232,388020,393722,397597,496209,488491,492917,488495,488771,491061,495613,496116,499537,487296,701204,706494,699174,698038,698614,691346,705516,707037,697446,693974,589391,587743,587657,757563,585068,590937,587795,798954,693799,586667,698466,698301,697781,701678,698520,768603,696310,821286,695264,693675,941249,873989,872156,869052,872601,924502,985684,876175,875613,879032,985223,988176,986136,979549,979650,982326,984936,995605,982484,986406
q32_zipf1,662317,663100,672368,664811,661350,659174,662911,653163,660094,664518,416856,416097,417017,417158,416721,415442,415565,416735,415878,430747,439499,436253,437989,438834,438431,438767,435238,437022,437396,437566,449388,458805,450432,450424,448547,448677,448012,448100,447634,448519,465098,468451,466319,468222,467670,467348,468586,467507,465942,470672,492641,494274,492363,494064,538358,497278,499910,498263,565206,503348,659708,770207,688564,784784,688305,655802,660211,658460,658523,656317,742827,744762,745022,744498,747617,746701,740808,760724,738967,744388,1102736,941977,941828,939763,936347,939598,985102,941447,930967,938824,985830,976483,1010264,979111,987515,978140,980744,1002060,977317,976213
q32_zipf2,30198,28970,28831,28888,29079,29139,28624,28864,28658,28951,37726,36367,37581,48789,39931,37328,36842,37439,37391,36918,39366,37571,38519,38090,38527,38134,38365,38653,38819,35805,41278,41502,41216,42504,41187,41013,41833,41519,40844,41664,41922,41555,40910,40942,42028,41667,41788,41108,41846,43192,215446,212727,218233,218776,218081,216627,212802,220104,218714,218640,330659,334230,321431,329857,341110,327403,331257,332569,322649,331564,354545,349068,350777,346580,350753,354694,352681,349942,352068,349510,451693,448573,449783,450590,452045,449397,450093,452927,450926,451334,1036459,1036995,1037118,1153319,1029522,1033187,1069023,1033290,1051569,1059280
q32_zipf,662170,667431,668061,655888,670183,653056,660098,656952,662887,661467,510907,512163,514597,510581,511517,510784,508125,508652,510806,508601,595705,618167,596824,600480,596336,596239,599227,598816,600668,596720,656269,660626,659131,655388,667449,664647,657215,656001,660532,685180,726073,703622,701350,705304,703708,862249,700736,704577,939417,700954,782264,781123,778707,779849,779401,780502,780860,782412,775330,780922,903583,900484,898411,901900,901656,901995,898103,900693,899665,927947,952619,950368,956171,988671,943583,957895,948989,952615,957632,1111789,1023037,1013705,1019412,1022363,1025236,1014636,1085852,1022492,1028208,1014712,1063510,1171349,1080896,1047288,1050694,1057207,1054729,1052467,1055289,1056647
q32_binomial,29205,28868,28528,28250,28028,28228,28213,28064,28081,28337,28421,28304,28694,39968,35842,29496,30388,28772,27988,28233,28772,28277,28153,28559,28073,27969,27779,30379,33269,27986,28698,28018,27987,31297,27715,28055,29549,29097,27867,27786,30341,28162,27925,28376,27671,28014,27769,28209,27776,27803,36256,35304,34314,35591,35980,34975,35961,35201,34813,39192,464723,467402,464304,464974,466783,464406,467030,463976,465629,464882,882312,877449,886052,872242,876990,875565,879045,877385,876246,876819,1079782,1072938,1097772,1067812,1065046,1123345,1071275,1066555,1066314,1071654,1065413,1086667,1068505,1067314,1063356,1065683,1073069,1072264,1065329,1117340
q32_binomial2,28952,28503,34067,28141,28492,28660,28697,28697,28337,28598,29461,32779,29032,44922,35542,30768,28763,28919,28261,28166,31293,28220,28466,30221,28779,28405,28451,28191,28200,28399,28411,28361,28169,28269,28175,29635,30552,28255,28311,28021,29082,29066,29084,28476,28418,28599,28373,28335,28485,29145,29199,28422,28669,28103,28142,29548,29141,29837,28857,28176,28921,28813,28422,30589,29361,28146,28159,28013,28817,27988,34897,34991,34613,33219,34240,34001,33870,33575,34249,35436,528726,506256,509993,511431,508449,507209,507095,506740,510344,506493,992116,994474,993556,1035267,1156435,992303,992185,991916,998882,1043688
q32_binomial3,33721,32966,33530,32398,32906,32536,32637,33232,32489,32495,48621,47632,46260,55297,50941,46498,47468,46574,48008,48089,232022,231653,234820,233624,231174,228074,233066,237480,235030,228681,586813,592813,600850,579236,586579,593605,586643,581066,587267,577466,538931,535752,538712,537698,537372,538323,539070,562688,567665,540166,1173005,916243,871869,869323,869473,867666,865753,870877,869502,869022,1061736,1065032,1071840,1071079,1064425,1065122,1078195,1059867,1065436,1065122,1077869,1149642,1557051,1076350,1074831,1082022,1081983,1081942,1082187,1077156,1070616,1067138,1070377,1078890,1077446,1091894,1077661,1076891,1065665,1072950,1078681,1079625,1079014,1096470,1077493,1071328,1076875,1080684,1082665,1082793
q33_uniform,494428,493941,489442,500450,490611,495288,489452,493081,494772,492489
q34_uniform,28055,27791,27487,27735,27576,27821,27588,27520,27838,27634
q35_uniform,493793,496226,493884,498519,494633,496510,489637,502319,496294,496432,501121,492352,496254,496060,501115,493697,501390,489626,497687,494054,489897,488890,503216,494638,491870,489701,495372,498638,503107,500210,501846,486195,500709,492111,500033,491381,499780,494325,494698,493408,496129,499893,496267,506844,498372,507311,492314,496258,494584,503107
q35_zipf1,888636,883041,869076,878649,877730,871174,863768,871538,877101,874961,204756,200763,202167,201933,203735,199852,197321,200875,203000,200228,530555,519114,526499,516007,519187,514540,531236,518064,518818,514821,529318,533369,524927,533647,534619,530313,534474,529913,530965,526862,379442,375384,371246,366870,376394,374778,370708,373944,375024,370292
q35_zipf2,46517,48053,46429,46207,51370,50900,46546,44019,44387,45268,208279,204233,207936,205609,203328,202958,204838,205185,203986,200381,80964,78552,78716,83237,79437,78435,77932,83664,81434,74165,469644,468334,469419,471234,468889,459688,472518,470456,472558,468095,777333,776346,775372,776455,798285,779144,915001,780907,779625,775940
q35_zipf,720281,716878,718462,720580,733228,721176,720213,714342,718426,719824,420603,414146,419629,419323,414082,422638,416564,424662,414362,422282,243648,239229,242512,240396,238730,237887,241626,243781,239858,236561,178035,175265,176918,173961,176147,177039,177673,178210,177635,174671,138046,136899,137517,137408,137881,136095,137977,138244,138133,138620
q35_binomial,33371,32958,31997,34531,31927,32130,32611,31876,32461,31553,275667,274489,267002,270338,277846,276506,268648,273405,273526,270333,852590,783588,785584,803116,779838,782233,789436,782583,779475,780845,526571,531039,537827,523818,525749,522745,529103,529067,523383,527491,30802,31044,31078,45380,36113,31572,31668,30563,29516,29306
q35_binomial2,32753,31971,32895,31647,31628,32171,32006,31790,32204,31969,32096,31917,31785,47802,36600,34612,31980,31942,31900,31926,39845,40299,38990,37939,39395,38023,41001,38354,40430,37972,542342,517032,516799,517656,518493,518395,518164,517614,515980,520095,729226,734693,732506,730116,730328,728179,726024,741728,755025,728630
q35_binomial3,556421,557416,556471,556669,557380,556858,559381,556717,556695,556837,680299,681433,822371,684661,692239,725377,916758,685765,683101,680808,43389,41740,41365,42847,43311,41904,43501,42015,42602,42721,28961,28527,28352,29511,28889,28263,29378,28769,28898,31401,28952,28321,28299,28057,27917,27945,27952,28152,28058,27931
q36_uniform,494081,497477,486853,500428,488030,496704,503048,496963,492022,499528,524722,526671,527323,556930,529508,529009,530342,529486,526961,525095,748970,721702,708713,707681,711003,710790,710165,714643,918366,710922,893380,887056,885071,886773,890438,887326,886960,890736,894165,886247,1083270,1077050,1209898,1074516,1182150,1074606,1073068,1068638,1074441,1072557
q36_zipf,559648,557270,581011,559157,560425,559729,560139,563139,559403,558608,755003,762044,753325,985143,758437,754903,764228,753307,762705,759972,892794,894441,892242,893355,896398,892557,893879,902609,896536,896240,1014206,1096265,995483,1012788,1132625,1049353,997879,995720,994467,996098,1096268,1068711,1075642,1153478,1072305,1069154,1065895,1067525,1072956,1068919
q36_binomial,149637,145610,148587,149352,148625,150304,146508,148940,142837,147119,441456,443669,439937,441552,439584,444320,440445,443081,441947,443432,515573,498611,499442,587319,536359,500251,500533,500824,498228,499302,842461,849348,842787,845944,842281,839114,842112,839509,843915,837774,1070925,1073070,1064594,1069540,1068114,1067553,1062161,1105018,1085192,1187231
q37_zipf,52077,55128,50867,50730,50700,50837,50643,50780,51002,50594
q37_binomial,51219,51920,51123,50968,50914,51599,51486,54818,51192,51028
q38_uniform,571960,561695,573123,580963,565911,570496,591223,563358,579400,580869
q38_zipf,109808,116181,111261,106524,108264,109176,111789,109810,111876,109437
q38_binomial,50736,50737,53175,50874,49942,53607,51146,49950,50129,50250
q39_uniform,29185,28720,28621,28641,28666,28550,28442,28341,31188,28726,656456,634802,636349,649137,648927,645788,636474,637732,636344,646626,604999,638404,602136,604487,603123,697618,610865,612376,604588,612907,836740,867841,825288,826349,824678,833397,827479,823745,827099,827882,1048840,1039313,1048311,1063871,1042199,1035818,1037405,1034626,1035816,1061390,1049041,1051750,1050578,1392434,1049011,1043999,1086385,1050039,1050092,1049210
q39_biggerdomain,640617,641333,647335,644064,642675,647293,645471,641221,635229,646335,492902,488018,488865,493618,494295,585985,574032,707980,626491,489963,620945,604890,605343,603585,609314,603130,604208,710660,604698,608086,713284,710748,709408,710532,714283,715352,708033,710890,710245,712551,825360,827255,827939,828557,823939,824403,823083,823523,850914,828011,1070883,1055635,1059733,1120427,1074560,1055480,1057304,1051981,1162404,1066590
q27_uniform,1224956,1216885,1214219,1216598,1219985,1214841,1217282,1201481,1225011,1230121,1244654,1246601,1236585,1241113,1238098,1231797,1253228,1255410,1241734,1253782,1826369,1812395,1811728,1826526,1811492,1829986,1817796,1792790,1818945,1851837,2441395,2470820,2432365,2423050,2425233,2408159,2411427,2429867,2456455,2440784,2513514,2455686,2451733,2499306,2433433,2459191,2491272,2458104,2469989,2439666
q27_uncorrelated,1345229,1348613,1364076,1343230,1341115,1346274,1337333,1333117,1333477,1326255,1352515,1344794,1348915,1357228,1331488,1346112,1356555,1351084,1349222,1353328,1398407,1389283,1409826,1397050,1377821,1384378,1388184,1391736,1394137,1383844,1474271,1471658,1460839,1450405,1459756,1474213,1475134,1473501,1476397,1455125,1590355,1588837,1592412,1595937,1595473,1590003,1570454,1582647,1576692,1592926
q27_fd,2622942,2636498,2621564,2637192,2637623,2649404,2624530,2644252,2651353,2666066,2655708,2643879,2639476,2669679,2685115,2639083,2641956,2650684,2651444,2656064,2630162,2638106,2640339,2653089,2658442,2670350,2641519,2648331,2656948,2650815,2653360,2632617,2661032,2652978,2659877,2629001,2618633,2646035,2653866,2649924,2661283,2650130,2650000,2644837,2616631,2663446,2643368,2632256,2639847,2638500
q28_uniform,74688,75664,75613,76372,76790,74780,75044,73256,74724,73557,89337,92120,88359,89747,88810,89505,89983,90147,90549,89899,1246559,1224459,1222659,1222684,1245841,1219782,1229216,1223904,1229316,1207779,2313362,2290882,2274503,2300210,2309943,2319276,2308429,2324546,2287051,2283270,2388729,2387944,2390868,2352504,2382272,2371324,2357168,2393245,2362156,2350800
q28_uncorrelated,653582,638332,647326,660853,646254,653603,652057,652703,652359,650505,1019932,993698,989184,1006237,1008712,1003990,1009370,1006148,1004284,1009603,1341718,1339055,1341193,1344830,1347249,1347626,1353103,1346822,1335191,1343201,1614099,1594899,1609665,1595625,1595873,1597456,1600374,1595119,1607166,1589135,1789686,1800445,1809914,1769709,1794576,1775308,1802856,1791703,1800943,1792146
q28_fd,82803,83930,82674,82857,81207,83902,83373,82583,83043,83635,172351,178928,177533,175188,174787,175388,171758,176567,178817,178916,2661308,2661994,2651121,2661655,2648937,2659780,2660992,2645088,2637645,2628149,2665094,2672075,2681590,2662144,2654889,2652469,2659738,2684398,2684672,2634377,2654603,2650954,2647487,2673898,2651721,2662897,2626057,2654195,2648547,2671432
q29_uniform,63577,58302,59128,58755,57301,56844,57948,57838,58444,58871,703608,713073,712617,699126,695452,702642,706257,708347,697457,707691,1205236,1206688,1209309,1211567,1202274,1193212,1190823,1193653,1198560,1200728,1676085,1682118,1679395,1693219,1684027,1691102,1685594,1681678,1690407,1684836,2411330,2472705,2390323,2409688,2413189,2444842,2418248,2410237,2453104,2418733
q29_uncorrelated,53339,48560,46989,46777,46583,46824,46718,47510,46505,46489,69793,68623,67525,69365,67655,67215,68492,66666,67546,67237,104018,97000,102686,93113,100500,100093,99423,103694,102772,102284,166992,171768,169926,170334,168367,169435,166017,167789,168244,172992,243678,248304,248243,250587,244312,249030,248025,248618,242363,247071
q29_fd,56575,50138,50406,48866,49190,48590,52350,48671,51818,48813,49787,49008,48716,49002,48615,48642,48643,48779,48828,48785,50222,49477,49156,48658,48651,48672,49475,49432,49227,48963,2645798,2664811,2644198,2643538,2653511,2661024,2655407,2654464,2665832,2649727,2660060,2678621,2666954,2635266,2668111,2655147,2661548,2651403,2638932,2651949
q40_uniform,237086,234071,234336,233416,235616,231851,233421,233987,233073,233346,235895,237934,235223,230445,236446,238469,233918,231391,233837,235558,231216,236566,235234,235319,232710,235211,234624,233089,232405,230561
q40_uncorrelated,55287,56559,53790,54347,56955,57104,56435,54718,55803,61086,55024,52128,55210,55486,55172,55677,54592,54848,54770,54863,55926,54010,53045,54060,55807,55266,54452,53972,54591,52038
q40_fd,257858,251937,248043,252974,253824,252139,244200,252833,253963,251428,250694,254683,251172,247858,253016,251344,251565,244184,253090,249327,251183,260964,252804,254719,249378,253887,252197,252379,273453,255236
q41_uniform,35281,35270,35485,36176,35653,39546,35297,35089,35754,35800,36547,35584,37028,35585,34987,36888,36425,35570,36055,35989,35862,34671,35093,35091,34588,34926,35111,35139,35623,34583
q41_uncorrelated,35098,38088,35493,35042,36358,35316,34810,35519,34439,37590,34649,35040,34618,34313,36274,34682,34612,35136,34646,34489,33895,35062,33912,34471,34780,34761,34774,34005,35409,34155
q41_fd,35896,35889,35971,36133,39725,36557,36310,36482,36659,35736,36115,36693,35528,36209,35784,35902,36979,35651,35484,35957,35237,34965,35566,35326,35721,35975,35148,34785,35888,39527
Q29b_uniform,58167,58723,58624,57144,59441,58622,57738,55958,59389,58264,448411,434247,442954,447335,437833,440792,438746,442200,438852,444651,701980,715368,702716,709682,705740,712018,706151,706836,700557,708926,997421,1001928,1002140,1005676,1005797,1006594,997634,1014007,1003766,1008920,1206821,1190908,1197253,1201928,1200645,1198137,1197304,1212971,1202596,1207111
Q29b_uncorrelated,47639,48053,48549,47138,47183,47150,46851,47131,47608,46974,68801,65986,65195,66454,63456,64819,64184,64100,64194,64468,70386,69300,66950,66937,67091,68105,68947,69090,68344,68717,75842,74113,72745,75565,73924,73049,72335,70032,71896,69687,102352,104141,102513,86380,100157,102686,102979,103470,101579,102237
Q29b_fd,49917,49444,49535,48996,52101,49963,49374,49522,51042,51381,49497,51358,51407,49883,50228,49180,49093,49221,51705,49474,51419,49185,49755,49835,49448,49217,49149,49348,49377,49212,50690,49285,49116,49210,49966,49041,49214,49267,49919,49158,49554,50383,49349,49311,49276,49242,50235,49278,49841,49359

