q0_Values:customer-FURNITURE_Id:0,480564,494364,492679,498151,493619,492424,491939,495391,491528,493706
q0_Values:customer-BUILDING_Id:1,497523,491137,498443,494094,498199,496257,494153,487492,499008,496780
q0_Values:customer-HOUSEHOLD_Id:2,494396,498500,495440,498690,497789,496003,490429,498927,494613,498213
q0_Values:customer-MACHINERY_Id:3,507372,503543,506341,490202,493927,501362,513366,493095,501193,494128
q0_Values:customer-AUTOMOBILE_Id:4,494989,503713,491722,498850,497938,497252,486141,498427,493025,500882
q0_Values:customer_mktsegZipf-FURNITURE_Id:5,355674,355359,344866,356248,350549,356544,361499,351514,359476,352160
q0_Values:customer_mktsegZipf-BUILDING_Id:6,549116,541311,544153,542847,545539,549725,539870,542751,541345,541177
q0_Values:customer_mktsegZipf-HOUSEHOLD_Id:7,261536,257089,258979,259010,260207,258644,257387,256199,262016,257530
q0_Values:customer_mktsegZipf-MACHINERY_Id:8,207068,210374,210315,209276,208622,205534,209850,210658,211563,207624
q0_Values:customer_mktsegZipf-AUTOMOBILE_Id:9,614418,585862,583411,582770,582450,581961,586505,599669,582081,715679
q0_Values:customer_mktsegBinomial-FURNITURE_Id:10,147326,145231,148271,149184,147827,150601,147879,144810,146667,144768
q0_Values:customer_mktsegBinomial-BUILDING_Id:11,621972,625621,633762,621280,625110,625240,613294,627650,619848,626928
q0_Values:customer_mktsegBinomial-HOUSEHOLD_Id:12,525963,523694,520351,553765,524072,561800,521414,520730,526681,520784
q0_Values:customer_mktsegBinomial-MACHINERY_Id:13,619486,626142,617895,626392,625372,618706,631295,619117,631497,626457
q0_Values:customer_mktsegBinomial-AUTOMOBILE_Id:14,150044,154536,151430,147935,149916,150108,146192,149306,148213,149142
q0_Values:customer_bloatedmktseg-FURNITURE_Id:15,32305,31471,32932,31660,31075,31615,31138,31174,31148,31955
q0_Values:customer_bloatedmktseg-BUILDING_Id:16,32025,35111,31052,30961,32182,32965,33868,31090,30782,31759
q0_Values:customer_bloatedmktseg-HOUSEHOLD_Id:17,31091,30972,32032,30865,33142,31586,30828,31035,30808,31123
q0_Values:customer_bloatedmktseg-MACHINERY_Id:18,31904,33246,31031,30935,30896,30984,31504,30635,31390,31705
q0_Values:customer_bloatedmktseg-AUTOMOBILE_Id:19,31840,31091,31071,31230,31634,31113,31571,30805,30852,42064
q1_Values:customer-1_Id:20,94565,93454,90962,89389,87844,92670,91711,91730,92745,93062
q1_Values:customer-2_Id:21,90984,90983,92111,88483,89409,92672,92824,90316,90655,91488
q1_Values:customer-3_Id:22,92417,88825,92184,89277,88505,91046,90288,89838,92046,91132
q1_Values:customer-4_Id:23,92621,93219,94075,89497,90630,94401,93138,90254,93413,92101
q1_Values:customer-5_Id:24,93980,93202,92468,87233,93459,92609,93176,92922,91277,92738
q1_Values:customer-7_Id:25,92605,91661,90027,88595,92903,91453,93133,92826,91787,88935
q1_Values:customer-12_Id:26,90368,89843,88152,88057,89891,90687,90794,90685,90098,88812
q1_Values:customer-15_Id:27,89471,90973,88578,87035,91346,91700,90428,88694,87097,90374
q1_Values:customer-20_Id:28,90846,89711,87105,86455,91486,91497,90703,91580,91713,92149
q1_Values:customer-23_Id:29,92648,93460,88108,90399,90861,93301,93581,93546,92180,91683
q1_Values:customer_nationkeyZipf1-1_Id:30,50661,49676,54512,48420,48395,52704,52154,48437,49923,53968
q1_Values:customer_nationkeyZipf1-2_Id:31,44352,43493,43330,43901,42038,43490,42728,42394,42240,42511
q1_Values:customer_nationkeyZipf1-3_Id:32,41524,40404,38641,39455,39209,38870,39171,39673,40342,39765
q1_Values:customer_nationkeyZipf1-4_Id:33,45481,45209,45155,44307,46239,42617,44874,44731,44246,44060
q1_Values:customer_nationkeyZipf1-5_Id:34,42391,41724,42460,41936,41602,40730,41788,40229,42500,44614
q1_Values:customer_nationkeyZipf1-7_Id:35,40157,43428,39048,38695,40048,38998,38755,37980,36748,38840
q1_Values:customer_nationkeyZipf1-12_Id:36,70751,66322,71019,65531,64301,68627,68272,69016,69217,71032
q1_Values:customer_nationkeyZipf1-15_Id:37,40555,41756,40214,40288,41373,40211,41070,40387,41260,40961
q1_Values:customer_nationkeyZipf1-20_Id:38,40542,40068,40150,40761,39752,38580,40419,39750,40560,39482
q1_Values:customer_nationkeyZipf1-23_Id:39,102409,102627,102762,102519,105041,99520,102913,101596,103476,102878
q1_Values:customer_nationkeyZipf2-1_Id:40,37186,36801,35960,36299,39581,38573,35373,35480,35996,34959
q1_Values:customer_nationkeyZipf2-2_Id:41,28963,28551,30018,28565,28454,28675,28584,28317,28735,28238
q1_Values:customer_nationkeyZipf2-3_Id:42,34844,33557,34662,34406,35210,33802,35083,34413,34169,33774
q1_Values:customer_nationkeyZipf2-4_Id:43,32567,29758,32729,36430,29427,29374,29879,29186,29469,28804
q1_Values:customer_nationkeyZipf2-5_Id:44,167860,167766,166207,165774,165117,167685,167161,167365,165662,167917
q1_Values:customer_nationkeyZipf2-7_Id:45,31026,29521,29856,29587,30560,30208,30939,29827,29517,29453
q1_Values:customer_nationkeyZipf2-12_Id:46,32024,31747,30947,31859,32289,30512,30474,30963,30905,31002
q1_Values:customer_nationkeyZipf2-15_Id:47,42828,41866,42333,41723,41757,41071,40157,41204,41229,41297
q1_Values:customer_nationkeyZipf2-20_Id:48,35629,33275,33711,34081,34779,32858,32378,33951,32573,33240
q1_Values:customer_nationkeyZipf2-23_Id:49,32313,30816,30464,33809,30075,30251,29602,30216,30242,29686
q1_Values:customer_nationkeyZipfWorstcase-1_Id:50,325266,324319,318267,321761,324224,319895,323794,321729,322500,322557
q1_Values:customer_nationkeyZipfWorstcase-2_Id:51,210867,208740,209237,209762,211394,208855,205342,208849,210272,209069
q1_Values:customer_nationkeyZipfWorstcase-3_Id:52,156730,157232,159054,158981,159251,156570,156198,154270,159843,159763
q1_Values:customer_nationkeyZipfWorstcase-4_Id:53,124622,122980,123571,120575,124288,124833,124852,125770,124905,124996
q1_Values:customer_nationkeyZipfWorstcase-5_Id:54,99172,100525,102830,103060,102166,100338,100448,100867,101915,100502
q1_Values:customer_nationkeyZipfWorstcase-7_Id:55,67701,72268,70861,68435,70518,70832,68426,70744,72226,71134
q1_Values:customer_nationkeyZipfWorstcase-12_Id:56,43178,43112,43042,41704,43011,41246,41963,41436,41884,41975
q1_Values:customer_nationkeyZipfWorstcase-15_Id:57,41218,44696,41095,41587,41389,40859,40469,40621,39974,38842
q1_Values:customer_nationkeyZipfWorstcase-20_Id:58,38914,40049,39145,38993,38647,39573,38663,38299,39713,38678
q1_Values:customer_nationkeyZipfWorstcase-23_Id:59,39440,38294,37428,37131,36825,36167,36381,38119,37127,37175
q1_Values:customer_nationkeyBinomial-1_Id:60,28674,28429,28796,28372,28354,29814,28172,28531,28611,28500
q1_Values:customer_nationkeyBinomial-2_Id:61,29380,28544,28258,28195,28516,29405,30807,29025,28159,28086
q1_Values:customer_nationkeyBinomial-3_Id:62,28444,28350,28207,28862,28295,28193,28038,28836,27901,27896
q1_Values:customer_nationkeyBinomial-4_Id:63,30541,28313,28239,28080,27987,27855,27980,27988,27942,28072
q1_Values:customer_nationkeyBinomial-5_Id:64,29443,29019,28799,28853,28905,29496,31405,28553,28892,28523
q1_Values:customer_nationkeyBinomial-7_Id:65,40147,40000,39591,40039,39650,40012,39064,40278,39437,40471
q1_Values:customer_nationkeyBinomial-12_Id:66,388162,388752,381453,383085,378408,382759,379535,377222,384863,383933
q1_Values:customer_nationkeyBinomial-15_Id:67,232126,232709,234802,231904,234117,234787,232930,230435,235890,235716
q1_Values:customer_nationkeyBinomial-20_Id:68,30095,29780,30531,28993,29968,29575,30816,29604,29883,29125
q1_Values:customer_nationkeyBinomial-23_Id:69,28746,28361,31788,28264,27963,27853,28171,28296,28116,28249
q1_Values:customer_nationkeyBinomial2-1_Id:70,28995,28485,28529,28550,28390,28325,28254,28327,28534,28233
q1_Values:customer_nationkeyBinomial2-2_Id:71,29438,28640,28550,28337,28389,28380,28560,28432,28772,28776
q1_Values:customer_nationkeyBinomial2-3_Id:72,30027,28777,28736,28299,29028,30000,28626,28995,29482,28675
q1_Values:customer_nationkeyBinomial2-4_Id:73,28907,28769,28179,28301,28375,28678,28448,28471,28931,28846
q1_Values:customer_nationkeyBinomial2-5_Id:74,29353,28958,28954,28720,28977,28617,28887,30186,28507,28675
q1_Values:customer_nationkeyBinomial2-7_Id:75,29195,28573,28538,28492,28990,28466,28798,28286,28989,28673
q1_Values:customer_nationkeyBinomial2-12_Id:76,32327,28399,28478,28217,28508,28283,28531,28348,28174,28201
q1_Values:customer_nationkeyBinomial2-15_Id:77,38869,39806,38268,39385,39479,38811,38990,47512,41052,39574
q1_Values:customer_nationkeyBinomial2-20_Id:78,499777,489855,490515,478575,487272,490577,494220,486739,490030,490518
q1_Values:customer_nationkeyBinomial2-23_Id:79,173204,173152,170720,171743,170076,172707,171532,172107,167515,169386
q1_Values:customer_nationkeyBinomial3-1_Id:80,45983,45346,43799,44046,45615,44528,42504,42644,43306,44226
q1_Values:customer_nationkeyBinomial3-2_Id:81,167498,171895,170443,171363,172951,169051,170894,171912,172132,171390
q1_Values:customer_nationkeyBinomial3-3_Id:82,340920,338089,333745,337376,342153,336778,337863,341734,335556,338342
q1_Values:customer_nationkeyBinomial3-4_Id:83,470717,472462,466421,468334,466119,466059,466294,463329,469606,473684
q1_Values:customer_nationkeyBinomial3-5_Id:84,501496,491085,493154,489703,493709,492335,496839,489430,494142,491936
q1_Values:customer_nationkeyBinomial3-7_Id:85,271178,268609,266896,267381,275051,268472,267483,265997,265783,264088
q1_Values:customer_nationkeyBinomial3-12_Id:86,29398,29825,28926,28520,28572,28556,31400,28660,28409,30136
q1_Values:customer_nationkeyBinomial3-15_Id:87,38513,28396,28141,27920,27864,27813,28023,28025,28163,28478
q1_Values:customer_nationkeyBinomial3-20_Id:88,28937,31647,29155,28256,28089,28137,28246,30505,29085,28839
q1_Values:customer_nationkeyBinomial3-23_Id:89,28685,28444,28089,28121,28133,28280,28076,28013,28045,28051
q2_Values:customer-24-34-%_Id:90,79238,75773,76431,80197,81900,76092,73443,68358,82181,73184
q2_Values:customer-17-27-%_Id:91,72108,77455,77670,75188,80894,68532,74109,72185,69045,65991
q2_Values:customer-21-31-%_Id:92,74759,78679,76899,75738,73687,80307,75151,79841,64981,77413
q2_Values:customer-2-12-%_Id:93,73808,74744,71553,78526,78099,80771,80800,79633,83897,82937
q2_Values:customer_phoneuniform-24-34-%_Id:94,37164,39407,40328,36952,38452,36783,36668,38235,37919,37000
q2_Values:customer_phoneuniform-17-27-%_Id:95,38112,37487,38736,38542,37486,37666,38499,37609,37530,37412
q2_Values:customer_phoneuniform-21-31-%_Id:96,36829,36768,37110,41655,37841,38203,38046,38902,38525,37152
q2_Values:customer_phoneuniform-2-12-%_Id:97,36983,36825,37876,38633,37373,37180,38208,37156,38164,37605
q2_Values:customer_phone1to1-24-34-%_Id:98,67398,76537,72508,80508,77937,82208,77718,81385,83439,71014
q2_Values:customer_phone1to1-17-27-%_Id:99,76977,69671,74179,73828,71074,69745,75981,71899,67004,58889
q2_Values:customer_phone1to1-21-31-%_Id:100,82099,70820,77010,74579,79257,67857,64329,79953,80350,77610
q2_Values:customer_phone1to1-2-12-%_Id:101,79915,76122,75599,77001,83891,77248,80434,73754,76549,82179
q3_Values:customer-1_Id:102,77519,78337,77365,78006,77800,77169,77926,77772,78399,78029
q3_Values:customer-5_Id:103,69267,69651,69043,69150,69578,69176,69766,69513,69138,69087
q3_Values:customer-10_Id:104,68754,68254,67925,67867,68536,68051,67851,67910,69382,67748
q3_Values:customer-50_Id:105,68365,66527,66826,66426,66834,66623,66288,66339,66208,66265
q3_Values:customer-100_Id:106,66403,66570,66378,66138,66326,66120,67113,66124,66499,66103
q3_Values:customer-250_Id:107,66363,66204,67350,66247,66093,66314,65919,66155,66154,66196
q3_Values:customer-500_Id:108,67835,66358,67041,66034,66256,65961,66214,66632,66174,66453
q3_Values:customer-1000_Id:109,66780,66362,66457,66087,66671,66567,66991,67168,69658,66643
q3_Values:customer-10000_Id:110,67128,66359,66916,65931,66033,65924,66069,66053,66205,66858
q3_Values:customer_acctbaluniform-1_Id:111,82034,81843,86593,84247,83239,83570,82105,81810,81708,84137
q3_Values:customer_acctbaluniform-5_Id:112,71449,71477,70662,70737,70610,71300,71408,71308,73526,71505
q3_Values:customer_acctbaluniform-10_Id:113,70170,70536,71273,69676,69790,75452,69591,72334,69512,69951
q3_Values:customer_acctbaluniform-50_Id:114,69208,68473,68305,69017,68467,69031,68242,69595,68732,69126
q3_Values:customer_acctbaluniform-100_Id:115,68940,67778,68456,67700,67592,67773,68063,68370,68368,68804
q3_Values:customer_acctbaluniform-250_Id:116,67639,69210,67685,67636,68248,67593,68055,69605,70231,68435
q3_Values:customer_acctbaluniform-500_Id:117,68480,68492,67652,71259,67552,70432,67762,67504,67287,67274
q3_Values:customer_acctbaluniform-1000_Id:118,67617,67655,69248,68207,67977,67668,67370,70496,67799,67310
q3_Values:customer_acctbaluniform-10000_Id:119,68229,67428,67655,67639,67689,69328,68133,70501,68849,67745
q3_Values:customer_acctbalzipf-1_Id:120,82478,82017,82272,82628,84890,84745,83028,83453,83494,83235
q3_Values:customer_acctbalzipf-5_Id:121,74418,72907,73129,72919,80030,72349,72329,72237,72156,74666
q3_Values:customer_acctbalzipf-10_Id:122,72700,70912,71283,71581,71206,71553,72605,71775,70911,70843
q3_Values:customer_acctbalzipf-50_Id:123,70261,69492,69618,70033,68787,69194,68687,68628,69629,68994
q3_Values:customer_acctbalzipf-100_Id:124,68546,70676,68378,68546,68395,68947,68419,68208,68878,68815
q3_Values:customer_acctbalzipf-250_Id:125,68318,68285,68015,68572,68850,68363,67962,68771,68730,69441
q3_Values:customer_acctbalzipf-500_Id:126,70465,68650,68649,69162,68248,70923,68837,68311,68191,68291
q3_Values:customer_acctbalzipf-1000_Id:127,68847,68615,69630,71357,71083,69904,68484,68261,68626,69246
q3_Values:customer_acctbalzipf-10000_Id:128,68639,68287,69890,68631,70167,68773,70211,68510,68839,68891
q3_Values:customer_acctbalBinomial-1_Id:129,70000,69915,69453,70027,70231,70230,70463,69236,70144,69082
q3_Values:customer_acctbalBinomial-5_Id:130,69512,69127,68314,68835,68856,68205,67985,68557,68870,68382
q3_Values:customer_acctbalBinomial-10_Id:131,68711,68491,68004,67792,67886,68023,67823,68025,68497,68066
q3_Values:customer_acctbalBinomial-50_Id:132,70288,67789,67704,67977,67981,68270,67776,69188,67614,67828
q3_Values:customer_acctbalBinomial-100_Id:133,68445,68382,67716,67763,67602,68947,67644,70210,68911,69999
q3_Values:customer_acctbalBinomial-250_Id:134,68617,68361,68354,67996,68257,68215,68239,68231,68345,68246
q3_Values:customer_acctbalBinomial-500_Id:135,69547,68256,67951,68569,68608,67993,68197,68752,67909,68513
q3_Values:customer_acctbalBinomial-1000_Id:136,68776,67904,68041,68333,68731,68916,69697,69145,67987,68317
q3_Values:customer_acctbalBinomial-10000_Id:137,67973,68127,68284,70357,69216,68403,67789,68158,68035,68440
q3b_Values:customer-1-3000-5999_Id:138,48814,49163,48548,48695,48816,48413,48344,48842,48971,49712
q3b_Values:customer-5-3000-5999_Id:139,48587,46926,46740,46782,46943,52425,47195,47116,47027,46954
q3b_Values:customer-10-3000-5999_Id:140,46942,46486,46406,46600,46470,46454,46462,46341,46640,46939
q3b_Values:customer-50-3000-5999_Id:141,47604,46411,47329,46331,46425,46442,46709,46565,60370,61455
q3b_Values:customer-100-3000-5999_Id:142,47998,46383,47315,46298,46565,46489,46705,46727,46653,49566
q3b_Values:customer-250-3000-5999_Id:143,48360,46553,47022,46419,46707,46956,46485,46432,46348,51006
q3b_Values:customer-500-3000-5999_Id:144,47176,46511,49038,47022,46488,49393,47437,46694,48219,46676
q3b_Values:customer-1000-3000-5999_Id:145,46509,46382,46665,46498,46640,47451,46302,46533,46481,46161
q3b_Values:customer-10000-3000-5999_Id:146,48279,46221,47192,46667,46178,47776,46312,46407,46392,46556
q3b_Values:customer_acctbaluniform-1-3000-5999_Id:147,49943,49743,50081,50874,50057,49790,49869,49796,49687,50225
q3b_Values:customer_acctbaluniform-5-3000-5999_Id:148,48687,48125,48155,48299,48220,48379,48423,47873,47799,48113
q3b_Values:customer_acctbaluniform-10-3000-5999_Id:149,48570,48422,49958,47800,47703,48126,48669,48421,47651,48147
q3b_Values:customer_acctbaluniform-50-3000-5999_Id:150,49482,48159,47489,47728,47458,47473,55949,49579,47992,47471
q3b_Values:customer_acctbaluniform-100-3000-5999_Id:151,48186,47795,47530,47820,47471,47785,47069,47665,47211,50763
q3b_Values:customer_acctbaluniform-250-3000-5999_Id:152,47603,47794,47644,48217,47592,47826,47885,47615,47145,47867
q3b_Values:customer_acctbaluniform-500-3000-5999_Id:153,47735,47404,47220,47588,47154,47662,47588,47724,47243,48066
q3b_Values:customer_acctbaluniform-1000-3000-5999_Id:154,47897,47619,47564,47650,47723,47666,47310,47718,48769,47745
q3b_Values:customer_acctbaluniform-10000-3000-5999_Id:155,49421,47343,47789,48420,47329,47721,47670,47964,47468,48342
q3b_Values:customer_acctbalzipf-1-3000-5999_Id:156,51968,50526,50850,50632,50877,50807,50478,50786,55278,50730
q3b_Values:customer_acctbalzipf-5-3000-5999_Id:157,49218,48853,49096,49351,49294,48735,49331,48709,48890,48938
q3b_Values:customer_acctbalzipf-10-3000-5999_Id:158,50597,49093,48831,48494,49024,49037,48898,48973,48311,48732
q3b_Values:customer_acctbalzipf-50-3000-5999_Id:159,48521,48744,49462,48093,48364,48036,48004,48087,47862,48175
q3b_Values:customer_acctbalzipf-100-3000-5999_Id:160,49466,48075,48597,48053,48357,47956,48012,48447,48821,48221
q3b_Values:customer_acctbalzipf-250-3000-5999_Id:161,48348,48459,48046,48441,48747,48305,48380,48539,49307,47945
q3b_Values:customer_acctbalzipf-500-3000-5999_Id:162,48237,48353,47902,48099,48276,47938,47882,48507,48216,49017
q3b_Values:customer_acctbalzipf-1000-3000-5999_Id:163,48531,48032,48391,47932,48281,48058,48064,52053,52437,47911
q3b_Values:customer_acctbalzipf-10000-3000-5999_Id:164,48723,48016,47996,48059,48625,48128,48234,48445,47774,47940
q3b_Values:customer_acctbalBinomial-1-3000-5999_Id:165,80154,79932,79623,78407,79133,78571,79167,78423,79068,80082
q3b_Values:customer_acctbalBinomial-5-3000-5999_Id:166,81976,78492,78297,77615,78082,77833,77886,79971,78492,77833
q3b_Values:customer_acctbalBinomial-10-3000-5999_Id:167,79188,77425,77817,77497,77530,78093,77964,77310,77671,77388
q3b_Values:customer_acctbalBinomial-50-3000-5999_Id:168,77954,78156,82692,77775,77532,78235,77443,77942,77983,77657
q3b_Values:customer_acctbalBinomial-100-3000-5999_Id:169,77502,77406,77645,79068,78424,77782,77511,77053,77285,77775
q3b_Values:customer_acctbalBinomial-250-3000-5999_Id:170,81362,77639,77586,78190,78165,79012,79788,77642,77717,77236
q3b_Values:customer_acctbalBinomial-500-3000-5999_Id:171,78437,78652,78145,77454,77797,77176,77574,78012,77237,77535
q3b_Values:customer_acctbalBinomial-1000-3000-5999_Id:172,77191,77943,77398,77305,78661,77499,77601,77330,78308,78216
q3b_Values:customer_acctbalBinomial-10000-3000-5999_Id:173,80185,77769,77410,77123,77928,78188,77799,77458,77686,78095
q4_Value:customer_Id:174,51693,50783,50472,53936,50721,50917,52659,50393,52312,50509
q4_Value:customer_numericmktseg_Id:175,46259,46472,46449,46169,46032,45976,46098,46229,47433,46081
q4_Value:customer_bloatedmktseg_Id:176,53628,52397,52486,52751,53576,52379,53589,52361,52198,52224
q4_Value:customer_bloatednumericmktseg_Id:177,47057,47368,46939,46854,47140,47206,46835,47099,46687,46649
q4_Value:customer_bloated2mktseg_Id:178,60050,59140,58906,58983,58718,59476,59595,59659,58505,58974
q4_Value:customer_bloated2numericmktseg_Id:179,56143,50281,49890,49901,50545,49877,49918,49502,49873,50557
q5_Values:customer-1_Id:180,102395,100625,101943,103126,100580,101063,101963,101496,102196,101731
q5_Values:customer-5_Id:181,47775,48119,49626,47466,47745,47765,48195,48673,48346,47881
q5_Values:customer-10_Id:182,46470,45784,45840,46035,46323,45606,45596,45566,45590,45580
q5_Values:customer-50_Id:183,44465,44336,44246,43987,43826,44468,44344,44613,44145,43861
q5_Values:customer-100_Id:184,44059,44077,44989,43902,43722,43818,43905,43803,43780,43823
q5_Values:customer-250_Id:185,47387,45146,44007,43929,44000,43894,44048,43999,44016,43830
q5_Values:customer-500_Id:186,45909,44947,44191,44178,44014,44216,44225,44276,43977,43870
q5_Values:customer_uncorrelated-1_Id:187,232369,237695,233805,229960,233512,226793,231941,231731,225422,237687
q5_Values:customer_uncorrelated-5_Id:188,70502,72038,70302,70630,70994,70943,71848,70856,70506,70577
q5_Values:customer_uncorrelated-10_Id:189,52424,52548,54055,52495,52586,52463,55872,52435,52302,52190
q5_Values:customer_uncorrelated-50_Id:190,46532,46229,46090,46114,46148,45990,46158,46172,46161,46139
q5_Values:customer_uncorrelated-100_Id:191,45263,45577,50291,45242,45049,45291,44983,45158,45217,45385
q5_Values:customer_uncorrelated-250_Id:192,46620,44701,48182,44865,44768,44570,44834,44616,44319,44975
q5_Values:customer_uncorrelated-500_Id:193,50955,44878,44906,44865,44786,44528,44553,44865,44869,44737
q5_Values:customer_fd-1_Id:194,48126,51353,46553,46749,46636,46759,46444,46732,46756,46708
q5_Values:customer_fd-5_Id:195,45043,45105,45029,44938,44777,44776,45067,45867,44809,48078
q5_Values:customer_fd-10_Id:196,45742,45448,45384,45499,45575,45907,45352,46604,45358,45822
q5_Values:customer_fd-50_Id:197,44798,44848,48041,45178,44350,44807,44642,44682,44797,47599
q5_Values:customer_fd-100_Id:198,45364,45015,44835,44597,44746,45199,44809,45614,44754,44800
q5_Values:customer_fd-250_Id:199,44780,44782,44829,47043,45331,44907,48373,44820,44625,44500
q5_Values:customer_fd-500_Id:200,45819,44743,44992,44619,44381,44490,44665,44649,44711,44674
q6_Values:customer-500-500_Id:201,1207944,1215154,1214299,1227562,1213325,1209582,1209002,1213136,1210745,1217226
q6_Values:customer-500-525_Id:202,1173579,1179514,1174044,1188241,1185453,1202803,1185928,1184420,1176775,1182072
q6_Values:customer-500-550_Id:203,1118608,1113614,1094469,1102025,1100591,1092635,1110328,1095086,1090383,1098739
q6_Values:customer_uncorrelated-500-500_Id:204,673747,667684,677532,672044,666002,688930,681614,674674,684448,681789
q6_Values:customer_uncorrelated-500-525_Id:205,642502,639408,646650,647085,641447,640436,641199,635249,636310,644429
q6_Values:customer_uncorrelated-500-550_Id:206,612200,604440,603780,616502,604383,617947,615225,598356,602775,543783
q6_Values:customer_fd-500-500_Id:207,645202,668678,659620,635479,633899,736740,659785,638887,636774,639979
q6_Values:customer_fd-500-525_Id:208,639425,636075,638003,633786,722714,637230,637871,635806,635343,638246
q6_Values:customer_fd-500-550_Id:209,1269161,1265737,1273375,1259100,1274838,1277799,1259023,1258856,1264243,1271218
q7_Value:customer_Id:210,42442,42764,42544,42423,42496,42334,43199,42082,42418,41882
q7_Value:customer_largerNation_Id:211,53779,52862,52884,53186,53618,55695,53416,53079,53283,52483
q7_Value:customer_smallerNation_Id:212,44627,44166,46493,44479,44356,45217,44219,44282,47200,44369
q8_Value:customer_Id:213,379388,381272,381453,376145,383331,379686,380477,382081,382784,383063
q8_Value:customerNonDistinct_Id:214,213219,212453,212227,227952,220947,213237,213165,214911,215719,215961
q8_Value:customerUnique_Id:215,235487,235183,234973,237733,235809,235415,234013,234679,238119,234536
q9_Values:customer-%Cust%omer#000000%_Id:216,74096,74714,74183,73785,75116,73713,74858,74368,76720,73903
q9_Values:customer-%5%_Id:217,212575,210838,211601,209202,210964,209761,215080,210445,209160,199413
q9_Values:customer-%00_Id:218,106636,107601,108540,107062,106824,106375,106529,107062,106672,109871
q9_Values:customer_nameShortened-%Cust%omer#000000%_Id:219,58970,58702,58756,58750,58917,58643,58609,58660,58457,58583
q9_Values:customer_nameShortened-%5%_Id:220,186984,181611,188944,191167,190355,187982,185326,190620,189579,187037
q9_Values:customer_nameShortened-%00_Id:221,84387,83937,82286,83280,81930,82324,82147,87276,82205,82277
q10_Values:customer-%regular%_Id:222,770790,778007,771153,768959,775667,766478,785928,779290,769521,765793
q10_Values:customer-%ace%_Id:223,245453,239616,240138,240018,241818,239553,241223,239909,239791,240576
q10_Values:customer_commentShortened-%regular%_Id:224,237216,241565,229162,231817,239285,229571,233638,226257,229920,229277
q10_Values:customer_commentShortened-%ace%_Id:225,146327,146701,146882,146046,147254,146031,146045,149619,146880,149606
q10_Values:customer_commentFixedSize-%regular%_Id:226,682071,679380,687017,685022,666400,660527,685493,667440,686037,675903
q10_Values:customer_commentFixedSize-%ace%_Id:227,357930,356699,358418,356756,357827,357299,358718,358947,356705,356756
q10_Values:customerExtendedComment-%regular%_Id:228,705026,709377,707243,706946,684010,703539,682285,698309,705422,699307
q10_Values:customerExtendedComment-%ace%_Id:229,276528,276366,274612,274394,274022,273981,273740,274793,276490,275832
q10_Values:customerExtendedComment2-%regular%_Id:230,701977,715554,719987,705355,725232,709259,702801,703897,722516,700653
q10_Values:customerExtendedComment2-%ace%_Id:231,302382,301575,300468,302999,302872,303828,303988,301270,301066,301766
q10_Values:customerExtendedCommentFixedSize-%regular%_Id:232,667119,658056,681921,675175,665228,690469,663019,662825,664299,654578
q10_Values:customerExtendedCommentFixedSize-%ace%_Id:233,359833,359414,357927,359134,358582,358573,358416,359185,358442,358614
q10_Values:customerExtendedCommentFixedSize2-%regular%_Id:234,696830,661219,667386,689392,670568,678155,691745,674239,681511,673706
q10_Values:customerExtendedCommentFixedSize2-%ace%_Id:235,361458,361115,359799,361412,359791,363823,360304,361185,359135,359946
q10_Values:customer_ShortenedcommentFixedSize-%regular%_Id:236,408113,406813,423713,416348,424381,423386,428727,427671,442936,424739
q10_Values:customer_ShortenedcommentFixedSize-%ace%_Id:237,356796,350615,351513,350792,351680,351998,351738,350821,350595,352460
q11_Values:Customer-750_Id:238,32411,28671,28060,31449,27925,27831,27641,28669,28636,31292
q11_Values:customerClusteredIndex-750_Id:239,1319,1305,1261,1226,1207,1181,1214,1208,1233,1196
q11_Values:customerNonClusteredIndex-750_Id:240,2935,2773,2767,2727,2917,2736,2758,2708,2717,2722
q12_Values:CustomerClusteredIndex-7500-15000_Id:241,3458,2953,3210,3182,3153,3179,3181,3172,3179,2979
q12_Values:CustomerClusteredIndex_custkeyNonDistinct-7500-15000_Id:242,2701,2642,2616,2577,2594,2589,2619,2573,2614,2582
q13_Value:customer_char_Id:243,1068109,1067906,1069792,1066936,1069537,1066124,1064576,1072683,1071900,1084770
q13_Value:customer_charfd_Id:244,1128892,1094510,1102581,1101256,1099115,1094295,1093440,1104946,1114789,1114059
q13_Value:Customer_hexadecimal_Id:245,1128347,1135911,1125105,1337243,1124228,1128524,1123857,1119766,1114677,1123500
q13_Value:Customer_hexadecimalfd_Id:246,1292835,1133174,1148226,1117355,1117110,1126152,1129168,1343425,1121959,1120074
q13b_Value:customer_char_Id:247,1051403,1052135,1052411,1048827,1053649,1067254,1100822,1062080,1052845,1065661
q13b_Value:customer_charfd_Id:248,1089312,1073613,1083447,1265335,1128663,1073029,1086838,1075643,1076239,1077760
q13b_Value:Customer_hexadecimal_Id:249,1104379,1110228,1108876,1503102,1696912,1117423,1108076,1131426,1109985,1104564
q13b_Value:Customer_hexadecimalfd_Id:250,1202927,1165351,1104911,1105580,1091413,1096034,1125929,1103595,1096139,1100166
q16_Values:Customer-%ure_Id:251,474832,470334,474205,470966,476437,469185,470556,470226,474286,469580
q16_Values:customer_bloatedMktseg-%ure_Id:252,469706,478231,472431,473523,475421,468126,471056,465981,475720,465064
q16_Values:customer_bloated2Mktseg-%ure_Id:253,469870,475338,470934,471748,470469,469506,472486,475155,469502,467536
q17_Values:customer-Automobile_Id:254,483733,490723,488090,488942,488486,492678,487725,495293,489454,489385
q17_Values:customer_bloatedMktseg-3utomobile_Id:255,33058,34637,34778,37083,33419,33134,32790,35310,33356,32224
q17_Values:customer_bloated2mktseg-394omobile_Id:256,32084,31958,31794,31627,32283,31893,32384,31552,32281,31603
q17_Values:customer_numericmktseg-194734533_Id:257,433569,432461,433589,435179,440039,432420,426320,431368,430709,433232
q17_Values:customer_bloated2numericmktseg-194735759_Id:258,29081,28492,28589,27959,28475,27865,27992,27899,28048,27820
q18_Value:Customer_Id:259,35387,34638,40091,34986,35299,34501,34754,37218,36591,34522
q18_Value:customerFK_Id:260,35488,34837,34684,38116,39249,37048,38154,34635,34602,34380
aq19_Values:Customer-10_Id:261,36405,35421,35936,35613,35594,35411,35421,35367,35224,35235
aq19_Values:customerFK-10_Id:262,36041,35883,35640,36082,35686,35543,35497,35722,35754,36023
q20_Values:Customer-10_Id:263,522575,632947,582150,625304,514840,514674,514550,590936,512843,532859
q20_Values:customerFK-10_Id:264,537222,592997,516127,515356,516471,515495,516530,517516,520693,531333
q21_Value:Customer_Id:265,380802,380534,380199,381617,384567,381734,378424,378319,379007,379827
q21_Value:customerClusteredIndex_Id:266,355955,353368,355731,353344,423782,362897,369743,356749,353525,353374
q21_Value:customerUnique_Id:267,236259,236392,247429,242033,235669,235879,250658,235978,236716,236181
q21_Value:customerPK_Id:268,255355,255454,255621,257574,254571,254453,254679,254388,254380,254486
q22_Value:customer_Id:269,703610,625068,628311,640184,836628,648617,629640,626875,626394,632296
q22_Value:customerClusteredIndex_Id:270,603413,602597,602058,602406,604189,611867,614054,604170,609030,815122
q22_Value:customerNonClusteredIndex_Id:271,756706,629498,629837,627866,628202,677656,629738,628320,768695,638660
q23_Values:customer-10000-15000-13_Id:272,32628,32434,31733,31404,32137,31456,32889,31819,35323,33008
q23_Values:customerClusteredIndex-10000-15000-13_Id:273,1497,1427,1402,1407,1414,1378,1433,1391,1378,1424
q23_Values:customerNonClusteredIndex-10000-15000-13_Id:274,8768,8216,7977,7903,7891,7875,7872,7802,7796,7888
q25_Values:customer-0_Id:275,214871,215638,212926,211674,212861,214480,217379,220642,211286,214393
q25_Values:customer-2500_Id:276,446655,482367,439526,437148,439288,435697,438077,443944,439174,437461
q25_Values:customer-5000_Id:277,647568,704222,656249,656459,651958,645523,646110,648446,654608,648665
q25_Values:customer-7500_Id:278,854597,858146,849587,852570,864591,850881,854184,856797,859256,850294
q25_Values:customer-9000_Id:279,968945,975691,976246,973219,979193,973297,1063092,1029171,975378,967666
q25_Values:customer_acctbaluniform-0_Id:280,210309,213791,214371,215274,211591,212213,213174,214194,213739,212486
q25_Values:customer_acctbaluniform-2500_Id:281,441248,445863,444601,444148,444210,441416,442456,443216,444164,445062
q25_Values:customer_acctbaluniform-5000_Id:282,698108,654721,653653,654217,654497,656776,657681,658488,659928,658354
q25_Values:customer_acctbaluniform-7500_Id:283,868555,961347,870834,869847,866959,863173,869768,866980,865287,869866
q25_Values:customer_acctbaluniform-9000_Id:284,999439,993607,996082,1118335,1260030,1446574,1092934,989694,989702,996513
q25_Values:customer_acctbalzipf-0_Id:285,156320,162087,160008,160003,159626,159458,157218,161624,159316,161118
q25_Values:customer_acctbalzipf-2500_Id:286,663515,653547,658567,665690,655805,655994,661506,663145,664179,654044
q25_Values:customer_acctbalzipf-5000_Id:287,586979,588354,587539,590098,589569,589896,588359,588275,587157,587399
q25_Values:customer_acctbalzipf-7500_Id:288,835745,845258,834337,842664,838572,843566,842180,842224,837939,846211
q25_Values:customer_acctbalzipf-9000_Id:289,1011190,1006579,1010793,1011257,1010952,1004525,1006216,1008357,1005470,1032543
q25_Values:customer_acctbalBinomial-0_Id:290,28809,29420,28807,28954,28379,28357,29327,28792,28096,28235
q25_Values:customer_acctbalBinomial-2500_Id:291,28590,28746,28607,30226,30841,27961,28318,27884,28029,27947
q25_Values:customer_acctbalBinomial-5000_Id:292,625526,621181,609179,609697,613154,612325,609618,613603,610801,627926
q25_Values:customer_acctbalBinomial-7500_Id:293,1118058,1079256,1080060,1080575,1079522,1078380,1076002,1077466,1075970,1085178
q25_Values:customer_acctbalBinomial-9000_Id:294,1080824,1083422,1076657,1079407,1081499,1081486,1073491,1077827,1074127,1075732
q30_Values:customer--1000-1000_Id:295,449651,440936,442637,442829,446731,437143,445509,445970,439805,444915
q30_Values:customer-1000-3000_Id:296,458928,442773,448335,446849,450598,450112,449626,461165,447794,453198
q30_Values:customer-3000-5000_Id:297,455525,445885,454469,452293,449043,449321,446802,450363,450396,453269
q30_Values:customer-5000-8000_Id:298,674659,678028,675261,677350,685266,688211,674343,685101,678906,682646
q30_Values:customer-8000-11000_Id:299,444234,451610,443122,454500,445596,449239,454734,442499,445288,447000
q30_Values:customer_acctbaluniform--1000-1000_Id:300,445446,456011,441796,451134,447220,449471,449468,445767,452629,443738
q30_Values:customer_acctbaluniform-1000-3000_Id:301,453721,458885,451888,451537,453311,447041,460511,447497,448669,452056
q30_Values:customer_acctbaluniform-3000-5000_Id:302,448116,452321,450162,450008,445918,447249,450582,457042,453757,450182
q30_Values:customer_acctbaluniform-5000-8000_Id:303,701751,684516,695441,686758,686969,686333,679532,687547,684063,686302
q30_Values:customer_acctbaluniform-8000-11000_Id:304,453943,447519,454223,455361,448769,454541,448010,449682,453251,450722
q30_Values:customer_acctbalzipf--1000-1000_Id:305,379751,376603,365610,375379,373052,374386,376442,370361,373118,375872
q30_Values:customer_acctbalzipf-1000-3000_Id:306,349130,351951,346235,350242,350196,342235,347289,351278,353893,351192
q30_Values:customer_acctbalzipf-3000-5000_Id:307,422578,430198,430503,429339,422335,431541,423143,423408,429692,421297
q30_Values:customer_acctbalzipf-5000-8000_Id:308,786350,783133,783932,783111,793080,786686,786404,786705,781314,778062
q30_Values:customer_acctbalzipf-8000-11000_Id:309,555941,561204,543884,557158,552956,558092,550930,545733,557178,559649
q30_Values:customer_acctbalBinomial--1000-1000_Id:310,32578,32268,32176,39383,37482,39139,35913,31946,32070,31831
q30_Values:customer_acctbalBinomial-1000-3000_Id:311,32521,32843,32036,31865,33258,33309,34390,32007,32246,31729
q30_Values:customer_acctbalBinomial-3000-5000_Id:312,632992,634499,665367,634855,645828,633471,773892,636203,634231,632552
q30_Values:customer_acctbalBinomial-5000-8000_Id:313,690238,630176,774692,672824,635351,631794,631991,631062,633268,631960
q30_Values:customer_acctbalBinomial-8000-11000_Id:314,29993,28890,28904,28848,28065,29185,29144,28357,28247,28484
q31_Values:customer-10000_Id:315,39858,39207,38518,38325,38206,38422,37918,37919,37563,40001
q31_Values:customer-30000_Id:316,73000,74527,70166,71646,65926,73116,74309,68496,69644,74785
q31_Values:customer-50000_Id:317,101517,103872,100272,103987,103654,99718,105002,103943,99218,95109
q31_Values:customer-75000_Id:318,139391,136274,140884,143549,134487,137022,142958,139291,137496,146331
q31_Values:customer-100000_Id:319,179332,174235,180183,178800,180072,181568,182214,190834,180452,180116
q31_Values:customer_custkeyZipf-10000_Id:320,127180,124607,129623,129612,128642,127790,127310,127826,128489,123424
q31_Values:customer_custkeyZipf-30000_Id:321,408848,396331,403349,394591,404074,400827,399743,399275,395602,405479
q31_Values:customer_custkeyZipf-50000_Id:322,709110,688026,682841,693892,683742,683608,698065,694390,687085,688546
q31_Values:customer_custkeyZipf-75000_Id:323,622858,621704,620631,623201,622657,620966,623749,619268,621007,621983
q31_Values:customer_custkeyZipf-100000_Id:324,758264,754822,753350,755258,758242,762892,757204,758220,763537,759762
q31_Values:customer_custkeyBinomial-10000_Id:325,29860,28628,28946,28453,28504,28142,28502,28426,28313,28237
q31_Values:customer_custkeyBinomial-30000_Id:326,28705,28303,28458,28270,29990,29912,28396,28387,30760,28110
q31_Values:customer_custkeyBinomial-50000_Id:327,30538,28930,28090,28332,28122,28481,28251,27975,28123,28119
q31_Values:customer_custkeyBinomial-75000_Id:328,630734,643799,619017,618864,620747,617918,617938,621032,617837,620634
q31_Values:customer_custkeyBinomial-100000_Id:329,1090439,1102324,1078953,1074892,1081655,1084476,1082681,1128371,1080259,1080358
q32_Values:customer-1_Id:330,92337,91104,89951,89334,91079,91505,89133,84307,89619,90834
q32_Values:customer-2_Id:331,190672,187550,188927,185892,187842,191247,188232,186049,184910,189645
q32_Values:customer-3_Id:332,289832,284726,288869,285345,281637,290381,288259,286188,282772,290677
q32_Values:customer-4_Id:333,387990,396026,396510,394258,395145,388666,397232,388020,393722,397597
q32_Values:customer-5_Id:334,496209,488491,492917,488495,488771,491061,495613,496116,499537,487296
q32_Values:customer-7_Id:335,701204,706494,699174,698038,698614,691346,705516,707037,697446,693974
q32_Values:customer-12_Id:336,589391,587743,587657,757563,585068,590937,587795,798954,693799,586667
q32_Values:customer-15_Id:337,698466,698301,697781,701678,698520,768603,696310,821286,695264,693675
q32_Values:customer-20_Id:338,941249,873989,872156,869052,872601,924502,985684,876175,875613,879032
q32_Values:customer-23_Id:339,985223,988176,986136,979549,979650,982326,984936,995605,982484,986406
q32_Values:customer_nationkeyZipf1-1_Id:340,662317,663100,672368,664811,661350,659174,662911,653163,660094,664518
q32_Values:customer_nationkeyZipf1-2_Id:341,416856,416097,417017,417158,416721,415442,415565,416735,415878,430747
q32_Values:customer_nationkeyZipf1-3_Id:342,439499,436253,437989,438834,438431,438767,435238,437022,437396,437566
q32_Values:customer_nationkeyZipf1-4_Id:343,449388,458805,450432,450424,448547,448677,448012,448100,447634,448519
q32_Values:customer_nationkeyZipf1-5_Id:344,465098,468451,466319,468222,467670,467348,468586,467507,465942,470672
q32_Values:customer_nationkeyZipf1-7_Id:345,492641,494274,492363,494064,538358,497278,499910,498263,565206,503348
q32_Values:customer_nationkeyZipf1-12_Id:346,659708,770207,688564,784784,688305,655802,660211,658460,658523,656317
q32_Values:customer_nationkeyZipf1-15_Id:347,742827,744762,745022,744498,747617,746701,740808,760724,738967,744388
q32_Values:customer_nationkeyZipf1-20_Id:348,1102736,941977,941828,939763,936347,939598,985102,941447,930967,938824
q32_Values:customer_nationkeyZipf1-23_Id:349,985830,976483,1010264,979111,987515,978140,980744,1002060,977317,976213
q32_Values:customer_nationkeyZipf2-1_Id:350,30198,28970,28831,28888,29079,29139,28624,28864,28658,28951
q32_Values:customer_nationkeyZipf2-2_Id:351,37726,36367,37581,48789,39931,37328,36842,37439,37391,36918
q32_Values:customer_nationkeyZipf2-3_Id:352,39366,37571,38519,38090,38527,38134,38365,38653,38819,35805
q32_Values:customer_nationkeyZipf2-4_Id:353,41278,41502,41216,42504,41187,41013,41833,41519,40844,41664
q32_Values:customer_nationkeyZipf2-5_Id:354,41922,41555,40910,40942,42028,41667,41788,41108,41846,43192
q32_Values:customer_nationkeyZipf2-7_Id:355,215446,212727,218233,218776,218081,216627,212802,220104,218714,218640
q32_Values:customer_nationkeyZipf2-12_Id:356,330659,334230,321431,329857,341110,327403,331257,332569,322649,331564
q32_Values:customer_nationkeyZipf2-15_Id:357,354545,349068,350777,346580,350753,354694,352681,349942,352068,349510
q32_Values:customer_nationkeyZipf2-20_Id:358,451693,448573,449783,450590,452045,449397,450093,452927,450926,451334
q32_Values:customer_nationkeyZipf2-23_Id:359,1036459,1036995,1037118,1153319,1029522,1033187,1069023,1033290,1051569,1059280
q32_Values:customer_nationkeyZipfWorstcase-1_Id:360,662170,667431,668061,655888,670183,653056,660098,656952,662887,661467
q32_Values:customer_nationkeyZipfWorstcase-2_Id:361,510907,512163,514597,510581,511517,510784,508125,508652,510806,508601
q32_Values:customer_nationkeyZipfWorstcase-3_Id:362,595705,618167,596824,600480,596336,596239,599227,598816,600668,596720
q32_Values:customer_nationkeyZipfWorstcase-4_Id:363,656269,660626,659131,655388,667449,664647,657215,656001,660532,685180
q32_Values:customer_nationkeyZipfWorstcase-5_Id:364,726073,703622,701350,705304,703708,862249,700736,704577,939417,700954
q32_Values:customer_nationkeyZipfWorstcase-7_Id:365,782264,781123,778707,779849,779401,780502,780860,782412,775330,780922
q32_Values:customer_nationkeyZipfWorstcase-12_Id:366,903583,900484,898411,901900,901656,901995,898103,900693,899665,927947
q32_Values:customer_nationkeyZipfWorstcase-15_Id:367,952619,950368,956171,988671,943583,957895,948989,952615,957632,1111789
q32_Values:customer_nationkeyZipfWorstcase-20_Id:368,1023037,1013705,1019412,1022363,1025236,1014636,1085852,1022492,1028208,1014712
q32_Values:customer_nationkeyZipfWorstcase-23_Id:369,1063510,1171349,1080896,1047288,1050694,1057207,1054729,1052467,1055289,1056647
q32_Values:customer_nationkeyBinomial-1_Id:370,29205,28868,28528,28250,28028,28228,28213,28064,28081,28337
q32_Values:customer_nationkeyBinomial-2_Id:371,28421,28304,28694,39968,35842,29496,30388,28772,27988,28233
q32_Values:customer_nationkeyBinomial-3_Id:372,28772,28277,28153,28559,28073,27969,27779,30379,33269,27986
q32_Values:customer_nationkeyBinomial-4_Id:373,28698,28018,27987,31297,27715,28055,29549,29097,27867,27786
q32_Values:customer_nationkeyBinomial-5_Id:374,30341,28162,27925,28376,27671,28014,27769,28209,27776,27803
q32_Values:customer_nationkeyBinomial-7_Id:375,36256,35304,34314,35591,35980,34975,35961,35201,34813,39192
q32_Values:customer_nationkeyBinomial-12_Id:376,464723,467402,464304,464974,466783,464406,467030,463976,465629,464882
q32_Values:customer_nationkeyBinomial-15_Id:377,882312,877449,886052,872242,876990,875565,879045,877385,876246,876819
q32_Values:customer_nationkeyBinomial-20_Id:378,1079782,1072938,1097772,1067812,1065046,1123345,1071275,1066555,1066314,1071654
q32_Values:customer_nationkeyBinomial-23_Id:379,1065413,1086667,1068505,1067314,1063356,1065683,1073069,1072264,1065329,1117340
q32_Values:customer_nationkeyBinomial2-1_Id:380,28952,28503,34067,28141,28492,28660,28697,28697,28337,28598
q32_Values:customer_nationkeyBinomial2-2_Id:381,29461,32779,29032,44922,35542,30768,28763,28919,28261,28166
q32_Values:customer_nationkeyBinomial2-3_Id:382,31293,28220,28466,30221,28779,28405,28451,28191,28200,28399
q32_Values:customer_nationkeyBinomial2-4_Id:383,28411,28361,28169,28269,28175,29635,30552,28255,28311,28021
q32_Values:customer_nationkeyBinomial2-5_Id:384,29082,29066,29084,28476,28418,28599,28373,28335,28485,29145
q32_Values:customer_nationkeyBinomial2-7_Id:385,29199,28422,28669,28103,28142,29548,29141,29837,28857,28176
q32_Values:customer_nationkeyBinomial2-12_Id:386,28921,28813,28422,30589,29361,28146,28159,28013,28817,27988
q32_Values:customer_nationkeyBinomial2-15_Id:387,34897,34991,34613,33219,34240,34001,33870,33575,34249,35436
q32_Values:customer_nationkeyBinomial2-20_Id:388,528726,506256,509993,511431,508449,507209,507095,506740,510344,506493
q32_Values:customer_nationkeyBinomial2-23_Id:389,992116,994474,993556,1035267,1156435,992303,992185,991916,998882,1043688
q32_Values:customer_nationkeyBinomial3-1_Id:390,33721,32966,33530,32398,32906,32536,32637,33232,32489,32495
q32_Values:customer_nationkeyBinomial3-2_Id:391,48621,47632,46260,55297,50941,46498,47468,46574,48008,48089
q32_Values:customer_nationkeyBinomial3-3_Id:392,232022,231653,234820,233624,231174,228074,233066,237480,235030,228681
q32_Values:customer_nationkeyBinomial3-4_Id:393,586813,592813,600850,579236,586579,593605,586643,581066,587267,577466
q32_Values:customer_nationkeyBinomial3-5_Id:394,538931,535752,538712,537698,537372,538323,539070,562688,567665,540166
q32_Values:customer_nationkeyBinomial3-7_Id:395,1173005,916243,871869,869323,869473,867666,865753,870877,869502,869022
q32_Values:customer_nationkeyBinomial3-12_Id:396,1061736,1065032,1071840,1071079,1064425,1065122,1078195,1059867,1065436,1065122
q32_Values:customer_nationkeyBinomial3-15_Id:397,1077869,1149642,1557051,1076350,1074831,1082022,1081983,1081942,1082187,1077156
q32_Values:customer_nationkeyBinomial3-20_Id:398,1070616,1067138,1070377,1078890,1077446,1091894,1077661,1076891,1065665,1072950
q32_Values:customer_nationkeyBinomial3-23_Id:399,1078681,1079625,1079014,1096470,1077493,1071328,1076875,1080684,1082665,1082793
q33_Values:customer-Furniture_Id:400,494428,493941,489442,500450,490611,495288,489452,493081,494772,492489
q33_Values:customer_mktsegClustered-Furniture_Id:401,199711,199579,204445,199782,198400,199000,199730,199409,200015,198880
q33_Values:customer_mktsegNonClustered-Furniture_Id:402,495369,507800,489870,493524,488366,491527,497198,500988,491469,494251
q33_Values:customer_bloated2Mktseg-394omobile_Id:403,33997,31786,33327,31597,31679,31692,31414,31661,31957,31730
q33_Values:Customer_bloated2MktsegClustered-394omobile_Id:404,1042,1008,991,970,967,962,969,954,962,958
q33_Values:Customer_bloated2MktsegNonClustered-394omobile_Id:405,2345,2132,2162,2068,2057,2052,2031,2072,2018,2026
q34_Values:Customer-24568_Id:406,28055,27791,27487,27735,27576,27821,27588,27520,27838,27634
q34_Values:customerClusteredIndex-24568_Id:407,776,713,719,708,723,682,682,678,697,677
q34_Values:customerNonClusteredIndex-24568_Id:408,1426,1299,1188,1228,1177,1188,1181,1156,1170,1216
q35_Values:customer-0-5_Id:409,493793,496226,493884,498519,494633,496510,489637,502319,496294,496432
q35_Values:customer-5-10_Id:410,501121,492352,496254,496060,501115,493697,501390,489626,497687,494054
q35_Values:customer-10-15_Id:411,489897,488890,503216,494638,491870,489701,495372,498638,503107,500210
q35_Values:customer-15-20_Id:412,501846,486195,500709,492111,500033,491381,499780,494325,494698,493408
q35_Values:customer-20-25_Id:413,496129,499893,496267,506844,498372,507311,492314,496258,494584,503107
q35_Values:customer_nationkeyZipf1-0-5_Id:414,888636,883041,869076,878649,877730,871174,863768,871538,877101,874961
q35_Values:customer_nationkeyZipf1-5-10_Id:415,204756,200763,202167,201933,203735,199852,197321,200875,203000,200228
q35_Values:customer_nationkeyZipf1-10-15_Id:416,530555,519114,526499,516007,519187,514540,531236,518064,518818,514821
q35_Values:customer_nationkeyZipf1-15-20_Id:417,529318,533369,524927,533647,534619,530313,534474,529913,530965,526862
q35_Values:customer_nationkeyZipf1-20-25_Id:418,379442,375384,371246,366870,376394,374778,370708,373944,375024,370292
q35_Values:customer_nationkeyZipf2-0-5_Id:419,46517,48053,46429,46207,51370,50900,46546,44019,44387,45268
q35_Values:customer_nationkeyZipf2-5-10_Id:420,208279,204233,207936,205609,203328,202958,204838,205185,203986,200381
q35_Values:customer_nationkeyZipf2-10-15_Id:421,80964,78552,78716,83237,79437,78435,77932,83664,81434,74165
q35_Values:customer_nationkeyZipf2-15-20_Id:422,469644,468334,469419,471234,468889,459688,472518,470456,472558,468095
q35_Values:customer_nationkeyZipf2-20-25_Id:423,777333,776346,775372,776455,798285,779144,915001,780907,779625,775940
q35_Values:customer_nationkeyZipfWorstCase-0-5_Id:424,720281,716878,718462,720580,733228,721176,720213,714342,718426,719824
q35_Values:customer_nationkeyZipfWorstCase-5-10_Id:425,420603,414146,419629,419323,414082,422638,416564,424662,414362,422282
q35_Values:customer_nationkeyZipfWorstCase-10-15_Id:426,243648,239229,242512,240396,238730,237887,241626,243781,239858,236561
q35_Values:customer_nationkeyZipfWorstCase-15-20_Id:427,178035,175265,176918,173961,176147,177039,177673,178210,177635,174671
q35_Values:customer_nationkeyZipfWorstCase-20-25_Id:428,138046,136899,137517,137408,137881,136095,137977,138244,138133,138620
q35_Values:customer_nationkeyBinomial-0-5_Id:429,33371,32958,31997,34531,31927,32130,32611,31876,32461,31553
q35_Values:customer_nationkeyBinomial-5-10_Id:430,275667,274489,267002,270338,277846,276506,268648,273405,273526,270333
q35_Values:customer_nationkeyBinomial-10-15_Id:431,852590,783588,785584,803116,779838,782233,789436,782583,779475,780845
q35_Values:customer_nationkeyBinomial-15-20_Id:432,526571,531039,537827,523818,525749,522745,529103,529067,523383,527491
q35_Values:customer_nationkeyBinomial-20-25_Id:433,30802,31044,31078,45380,36113,31572,31668,30563,29516,29306
q35_Values:customer_nationkeyBinomial2-0-5_Id:434,32753,31971,32895,31647,31628,32171,32006,31790,32204,31969
q35_Values:customer_nationkeyBinomial2-5-10_Id:435,32096,31917,31785,47802,36600,34612,31980,31942,31900,31926
q35_Values:customer_nationkeyBinomial2-10-15_Id:436,39845,40299,38990,37939,39395,38023,41001,38354,40430,37972
q35_Values:customer_nationkeyBinomial2-15-20_Id:437,542342,517032,516799,517656,518493,518395,518164,517614,515980,520095
q35_Values:customer_nationkeyBinomial2-20-25_Id:438,729226,734693,732506,730116,730328,728179,726024,741728,755025,728630
q35_Values:customer_nationkeyBinomial3-0-5_Id:439,556421,557416,556471,556669,557380,556858,559381,556717,556695,556837
q35_Values:customer_nationkeyBinomial3-5-10_Id:440,680299,681433,822371,684661,692239,725377,916758,685765,683101,680808
q35_Values:customer_nationkeyBinomial3-10-15_Id:441,43389,41740,41365,42847,43311,41904,43501,42015,42602,42721
q35_Values:customer_nationkeyBinomial3-15-20_Id:442,28961,28527,28352,29511,28889,28263,29378,28769,28898,31401
q35_Values:customer_nationkeyBinomial3-20-25_Id:443,28952,28321,28299,28057,27917,27945,27952,28152,28058,27931
q36_Values:customer-BA_Id:444,494081,497477,486853,500428,488030,496704,503048,496963,492022,499528
q36_Values:customer-CA_Id:445,524722,526671,527323,556930,529508,529009,530342,529486,526961,525095
q36_Values:customer-GA_Id:446,748970,721702,708713,707681,711003,710790,710165,714643,918366,710922
q36_Values:customer-IA_Id:447,893380,887056,885071,886773,890438,887326,886960,890736,894165,886247
q36_Values:customer-XY_Id:448,1083270,1077050,1209898,1074516,1182150,1074606,1073068,1068638,1074441,1072557
q36_Values:customer_mktsegZipf-BA_Id:449,559648,557270,581011,559157,560425,559729,560139,563139,559403,558608
q36_Values:customer_mktsegZipf-CA_Id:450,755003,762044,753325,985143,758437,754903,764228,753307,762705,759972
q36_Values:customer_mktsegZipf-GA_Id:451,892794,894441,892242,893355,896398,892557,893879,902609,896536,896240
q36_Values:customer_mktsegZipf-IA_Id:452,1014206,1096265,995483,1012788,1132625,1049353,997879,995720,994467,996098
q36_Values:customer_mktsegZipf-XY_Id:453,1096268,1068711,1075642,1153478,1072305,1069154,1065895,1067525,1072956,1068919
q36_Values:customer_mktsegBinomial-BA_Id:454,149637,145610,148587,149352,148625,150304,146508,148940,142837,147119
q36_Values:customer_mktsegBinomial-CA_Id:455,441456,443669,439937,441552,439584,444320,440445,443081,441947,443432
q36_Values:customer_mktsegBinomial-GA_Id:456,515573,498611,499442,587319,536359,500251,500533,500824,498228,499302
q36_Values:customer_mktsegBinomial-IA_Id:457,842461,849348,842787,845944,842281,839114,842112,839509,843915,837774
q36_Values:customer_mktsegBinomial-XY_Id:458,1070925,1073070,1064594,1069540,1068114,1067553,1062161,1105018,1085192,1187231
q36_Values:customer_bloatedmktseg-BA_Id:459,1075256,1067746,1074990,1069293,1075153,1081057,1069363,1069279,1070438,1081201
q36_Values:customer_bloatedmktseg-CA_Id:460,1115090,1069603,1082672,1062034,1082963,1071098,1068384,1070592,1072177,1067888
q36_Values:customer_bloatedmktseg-GA_Id:461,1070778,1072284,1069726,1071777,1075201,1076011,1072185,1079506,1073823,1072307
q36_Values:customer_bloatedmktseg-IA_Id:462,1313259,1136949,1083543,1099991,1062514,1070755,1078230,1067227,1079241,1066253
q36_Values:customer_bloatedmktseg-XY_Id:463,1075525,1072775,1067795,1074713,1074991,1074889,1497733,1651393,1321598,1077758
q37_Value:customer_Id:464,50665,51111,50583,50466,53350,50255,51205,50517,52937,50186
q37_Value:customer_mktsegZipf_Id:465,52077,55128,50867,50730,50700,50837,50643,50780,51002,50594
q37_Value:customer_mktsegBinomial_Id:466,51219,51920,51123,50968,50914,51599,51486,54818,51192,51028
q37_Value:customer_bloatedmktseg_Id:467,52978,52777,52721,52439,52613,52416,52889,52909,52466,52726
q38_Values:customer-1_Id:468,571960,561695,573123,580963,565911,570496,591223,563358,579400,580869
q38_Values:customer_custkeyZipf-1_Id:469,109808,116181,111261,106524,108264,109176,111789,109810,111876,109437
q38_Values:customer_custkeyBinomial-1_Id:470,50736,50737,53175,50874,49942,53607,51146,49950,50129,50250
q39_Values:newCustomer-0_Id:471,29185,28720,28621,28641,28666,28550,28442,28341,31188,28726
q39_Values:newCustomer-250_Id:472,656456,634802,636349,649137,648927,645788,636474,637732,636344,646626
q39_Values:newCustomer-500_Id:473,604999,638404,602136,604487,603123,697618,610865,612376,604588,612907
q39_Values:newCustomer-750_Id:474,836740,867841,825288,826349,824678,833397,827479,823745,827099,827882
q39_Values:newCustomer-1000_Id:475,1048840,1039313,1048311,1063871,1042199,1035818,1037405,1034626,1035816,1061390
q39_Values:newCustomer-1500_Id:476,1049041,1051750,1050578,1392434,1049011,1043999,1086385,1050039,1050092,1049210
q39_Values:newCustomerBiggerDomain-0_Id:477,640617,641333,647335,644064,642675,647293,645471,641221,635229,646335
q39_Values:newCustomerBiggerDomain-250_Id:478,492902,488018,488865,493618,494295,585985,574032,707980,626491,489963
q39_Values:newCustomerBiggerDomain-500_Id:479,620945,604890,605343,603585,609314,603130,604208,710660,604698,608086
q39_Values:newCustomerBiggerDomain-750_Id:480,713284,710748,709408,710532,714283,715352,708033,710890,710245,712551
q39_Values:newCustomerBiggerDomain-1000_Id:481,825360,827255,827939,828557,823939,824403,823083,823523,850914,828011
q39_Values:newCustomerBiggerDomain-1500_Id:482,1070883,1055635,1059733,1120427,1074560,1055480,1057304,1051981,1162404,1066590
q39_Values:newCustomerRightDomain-0_Id:483,29122,28571,28411,28511,28427,30168,29586,28655,28494,29239
q39_Values:newCustomerRightDomain-250_Id:484,311768,315922,315505,315603,312595,314160,311462,308848,312380,318133
q39_Values:newCustomerRightDomain-500_Id:485,652014,629156,638637,648891,644414,639700,641490,639835,633365,644650
q39_Values:newCustomerRightDomain-750_Id:486,492860,489776,491561,491106,492562,490299,491103,493248,492911,491447
q39_Values:newCustomerRightDomain-1000_Id:487,690778,600767,601076,600217,601836,602384,598435,602195,730174,658535
q39_Values:newCustomerRightDomain-1500_Id:488,821632,820036,823791,822070,818325,837139,821597,826414,819920,824296
q27_Values:customer-0_Id:489,1224956,1216885,1214219,1216598,1219985,1214841,1217282,1201481,1225011,1230121
q27_Values:customer-1_Id:490,1244654,1246601,1236585,1241113,1238098,1231797,1253228,1255410,1241734,1253782
q27_Values:customer-25_Id:491,1826369,1812395,1811728,1826526,1811492,1829986,1817796,1792790,1818945,1851837
q27_Values:customer-50_Id:492,2441395,2470820,2432365,2423050,2425233,2408159,2411427,2429867,2456455,2440784
q27_Values:customer-100_Id:493,2513514,2455686,2451733,2499306,2433433,2459191,2491272,2458104,2469989,2439666
q27_Values:customer_uncorrelated-0_Id:494,1345229,1348613,1364076,1343230,1341115,1346274,1337333,1333117,1333477,1326255
q27_Values:customer_uncorrelated-1_Id:495,1352515,1344794,1348915,1357228,1331488,1346112,1356555,1351084,1349222,1353328
q27_Values:customer_uncorrelated-25_Id:496,1398407,1389283,1409826,1397050,1377821,1384378,1388184,1391736,1394137,1383844
q27_Values:customer_uncorrelated-50_Id:497,1474271,1471658,1460839,1450405,1459756,1474213,1475134,1473501,1476397,1455125
q27_Values:customer_uncorrelated-100_Id:498,1590355,1588837,1592412,1595937,1595473,1590003,1570454,1582647,1576692,1592926
q27_Values:customer_fd-0_Id:499,2622942,2636498,2621564,2637192,2637623,2649404,2624530,2644252,2651353,2666066
q27_Values:customer_fd-1_Id:500,2655708,2643879,2639476,2669679,2685115,2639083,2641956,2650684,2651444,2656064
q27_Values:customer_fd-25_Id:501,2630162,2638106,2640339,2653089,2658442,2670350,2641519,2648331,2656948,2650815
q27_Values:customer_fd-50_Id:502,2653360,2632617,2661032,2652978,2659877,2629001,2618633,2646035,2653866,2649924
q27_Values:customer_fd-100_Id:503,2661283,2650130,2650000,2644837,2616631,2663446,2643368,2632256,2639847,2638500
q28_Values:customer-0.5_Id:504,74688,75664,75613,76372,76790,74780,75044,73256,74724,73557
q28_Values:customer-0.75_Id:505,89337,92120,88359,89747,88810,89505,89983,90147,90549,89899
q28_Values:customer-1_Id:506,1246559,1224459,1222659,1222684,1245841,1219782,1229216,1223904,1229316,1207779
q28_Values:customer-1.25_Id:507,2313362,2290882,2274503,2300210,2309943,2319276,2308429,2324546,2287051,2283270
q28_Values:customer-1.5_Id:508,2388729,2387944,2390868,2352504,2382272,2371324,2357168,2393245,2362156,2350800
q28_Values:customer_uncorrelated-0.5_Id:509,653582,638332,647326,660853,646254,653603,652057,652703,652359,650505
q28_Values:customer_uncorrelated-0.75_Id:510,1019932,993698,989184,1006237,1008712,1003990,1009370,1006148,1004284,1009603
q28_Values:customer_uncorrelated-1_Id:511,1341718,1339055,1341193,1344830,1347249,1347626,1353103,1346822,1335191,1343201
q28_Values:customer_uncorrelated-1.25_Id:512,1614099,1594899,1609665,1595625,1595873,1597456,1600374,1595119,1607166,1589135
q28_Values:customer_uncorrelated-1.5_Id:513,1789686,1800445,1809914,1769709,1794576,1775308,1802856,1791703,1800943,1792146
q28_Values:customer_fd-0.5_Id:514,82803,83930,82674,82857,81207,83902,83373,82583,83043,83635
q28_Values:customer_fd-0.75_Id:515,172351,178928,177533,175188,174787,175388,171758,176567,178817,178916
q28_Values:customer_fd-1_Id:516,2661308,2661994,2651121,2661655,2648937,2659780,2660992,2645088,2637645,2628149
q28_Values:customer_fd-1.25_Id:517,2665094,2672075,2681590,2662144,2654889,2652469,2659738,2684398,2684672,2634377
q28_Values:customer_fd-1.5_Id:518,2654603,2650954,2647487,2673898,2651721,2662897,2626057,2654195,2648547,2671432
q29_Values:customer-1_Id:519,63577,58302,59128,58755,57301,56844,57948,57838,58444,58871
q29_Values:customer-15_Id:520,703608,713073,712617,699126,695452,702642,706257,708347,697457,707691
q29_Values:customer-25_Id:521,1205236,1206688,1209309,1211567,1202274,1193212,1190823,1193653,1198560,1200728
q29_Values:customer-35_Id:522,1676085,1682118,1679395,1693219,1684027,1691102,1685594,1681678,1690407,1684836
q29_Values:customer-50_Id:523,2411330,2472705,2390323,2409688,2413189,2444842,2418248,2410237,2453104,2418733
q29_Values:customer_uncorrelated-1_Id:524,53339,48560,46989,46777,46583,46824,46718,47510,46505,46489
q29_Values:customer_uncorrelated-15_Id:525,69793,68623,67525,69365,67655,67215,68492,66666,67546,67237
q29_Values:customer_uncorrelated-25_Id:526,104018,97000,102686,93113,100500,100093,99423,103694,102772,102284
q29_Values:customer_uncorrelated-35_Id:527,166992,171768,169926,170334,168367,169435,166017,167789,168244,172992
q29_Values:customer_uncorrelated-50_Id:528,243678,248304,248243,250587,244312,249030,248025,248618,242363,247071
q29_Values:customer_fd-1_Id:529,56575,50138,50406,48866,49190,48590,52350,48671,51818,48813
q29_Values:customer_fd-15_Id:530,49787,49008,48716,49002,48615,48642,48643,48779,48828,48785
q29_Values:customer_fd-25_Id:531,50222,49477,49156,48658,48651,48672,49475,49432,49227,48963
q29_Values:customer_fd-35_Id:532,2645798,2664811,2644198,2643538,2653511,2661024,2655407,2654464,2665832,2649727
q29_Values:customer_fd-50_Id:533,2660060,2678621,2666954,2635266,2668111,2655147,2661548,2651403,2638932,2651949
q40_Values:customer-100-200-0-300_Id:534,237086,234071,234336,233416,235616,231851,233421,233987,233073,233346
q40_Values:customer-200-300-100-400_Id:535,235895,237934,235223,230445,236446,238469,233918,231391,233837,235558
q40_Values:customer-500-600-400-700_Id:536,231216,236566,235234,235319,232710,235211,234624,233089,232405,230561
q40_Values:customer_uncorrelated-100-200-0-300_Id:537,55287,56559,53790,54347,56955,57104,56435,54718,55803,61086
q40_Values:customer_uncorrelated-200-300-100-400_Id:538,55024,52128,55210,55486,55172,55677,54592,54848,54770,54863
q40_Values:customer_uncorrelated-500-600-400-700_Id:539,55926,54010,53045,54060,55807,55266,54452,53972,54591,52038
q40_Values:customer_fd-100-200-0-300_Id:540,257858,251937,248043,252974,253824,252139,244200,252833,253963,251428
q40_Values:customer_fd-200-300-100-400_Id:541,250694,254683,251172,247858,253016,251344,251565,244184,253090,249327
q40_Values:customer_fd-500-600-400-700_Id:542,251183,260964,252804,254719,249378,253887,252197,252379,273453,255236
q41_Values:customer-100-200-0-300_Id:543,35281,35270,35485,36176,35653,39546,35297,35089,35754,35800
q41_Values:customer-200-300-100-400_Id:544,36547,35584,37028,35585,34987,36888,36425,35570,36055,35989
q41_Values:customer-500-600-400-700_Id:545,35862,34671,35093,35091,34588,34926,35111,35139,35623,34583
q41_Values:customer_uncorrelated-100-200-0-300_Id:546,35098,38088,35493,35042,36358,35316,34810,35519,34439,37590
q41_Values:customer_uncorrelated-200-300-100-400_Id:547,34649,35040,34618,34313,36274,34682,34612,35136,34646,34489
q41_Values:customer_uncorrelated-500-600-400-700_Id:548,33895,35062,33912,34471,34780,34761,34774,34005,35409,34155
q41_Values:customer_fd-100-200-0-300_Id:549,35896,35889,35971,36133,39725,36557,36310,36482,36659,35736
q41_Values:customer_fd-200-300-100-400_Id:550,36115,36693,35528,36209,35784,35902,36979,35651,35484,35957
q41_Values:customer_fd-500-600-400-700_Id:551,35237,34965,35566,35326,35721,35975,35148,34785,35888,39527
Q29b_Values:customer-1_Id:552,58167,58723,58624,57144,59441,58622,57738,55958,59389,58264
Q29b_Values:customer-10_Id:553,448411,434247,442954,447335,437833,440792,438746,442200,438852,444651
Q29b_Values:customer-15_Id:554,701980,715368,702716,709682,705740,712018,706151,706836,700557,708926
Q29b_Values:customer-21_Id:555,997421,1001928,1002140,1005676,1005797,1006594,997634,1014007,1003766,1008920
Q29b_Values:customer-25_Id:556,1206821,1190908,1197253,1201928,1200645,1198137,1197304,1212971,1202596,1207111
Q29b_Values:customer_uncorrelated-1_Id:557,47639,48053,48549,47138,47183,47150,46851,47131,47608,46974
Q29b_Values:customer_uncorrelated-10_Id:558,68801,65986,65195,66454,63456,64819,64184,64100,64194,64468
Q29b_Values:customer_uncorrelated-15_Id:559,70386,69300,66950,66937,67091,68105,68947,69090,68344,68717
Q29b_Values:customer_uncorrelated-21_Id:560,75842,74113,72745,75565,73924,73049,72335,70032,71896,69687
Q29b_Values:customer_uncorrelated-25_Id:561,102352,104141,102513,86380,100157,102686,102979,103470,101579,102237
Q29b_Values:customer_fd-1_Id:562,49917,49444,49535,48996,52101,49963,49374,49522,51042,51381
Q29b_Values:customer_fd-10_Id:563,49497,51358,51407,49883,50228,49180,49093,49221,51705,49474
Q29b_Values:customer_fd-15_Id:564,51419,49185,49755,49835,49448,49217,49149,49348,49377,49212
Q29b_Values:customer_fd-21_Id:565,50690,49285,49116,49210,49966,49041,49214,49267,49919,49158
Q29b_Values:customer_fd-25_Id:566,49554,50383,49349,49311,49276,49242,50235,49278,49841,49359

